Volume (micrometer^3),Surface (micrometer^2),Nb of obj. voxels,Nb of surf. voxels,IntDen,Mean,StdDev,Median,Min,Max,X,Y,Z,Mean dist. to surf. (micrometer),SD dist. to surf. (micrometer),Median dist. to surf. (micrometer),XM,YM,ZM,BX,BY,BZ,B-width,B-height,B-depth
271,0,271,0,0,0,0,0,0,0,709.030,419.542,6.336,0,0,0,0,0,0,0,0,0,0,0,0
45,0,45,0,0,0,0,0,0,0,632.222,421.889,2.044,0,0,0,0,0,0,0,0,0,0,0,0
36,0,36,0,0,0,0,0,0,0,1059.389,504.639,1.694,0,0,0,0,0,0,0,0,0,0,0,0
164,0,164,0,0,0,0,0,0,0,1124.171,577.311,3.518,0,0,0,0,0,0,0,0,0,0,0,0
166,0,166,0,0,0,0,0,0,0,994.361,577.958,3.886,0,0,0,0,0,0,0,0,0,0,0,0
732,0,732,0,0,0,0,0,0,0,819.929,586.727,4.292,0,0,0,0,0,0,0,0,0,0,0,0
122,0,122,0,0,0,0,0,0,0,720.516,595.418,2.721,0,0,0,0,0,0,0,0,0,0,0,0
80,0,80,0,0,0,0,0,0,0,626.688,605.713,1.888,0,0,0,0,0,0,0,0,0,0,0,0
76,0,76,0,0,0,0,0,0,0,363.566,685.684,1.829,0,0,0,0,0,0,0,0,0,0,0,0
91,0,91,0,0,0,0,0,0,0,357.143,728.055,2.011,0,0,0,0,0,0,0,0,0,0,0,0
66,0,66,0,0,0,0,0,0,0,305.152,748.909,2.273,0,0,0,0,0,0,0,0,0,0,0,0
18,0,18,0,0,0,0,0,0,0,279.056,757.389,1.722,0,0,0,0,0,0,0,0,0,0,0,0
87,0,87,0,0,0,0,0,0,0,480.552,794.575,3.333,0,0,0,0,0,0,0,0,0,0,0,0
622,0,622,0,0,0,0,0,0,0,856.521,796.760,5.828,0,0,0,0,0,0,0,0,0,0,0,0
57,0,57,0,0,0,0,0,0,0,1130.789,833.386,2.789,0,0,0,0,0,0,0,0,0,0,0,0
4423,0,4423,0,0,0,0,0,0,0,778.900,835.434,38.449,0,0,0,0,0,0,0,0,0,0,0,0
49,0,49,0,0,0,0,0,0,0,582.204,835.490,4.531,0,0,0,0,0,0,0,0,0,0,0,0
112,0,112,0,0,0,0,0,0,0,981.152,844.170,2.188,0,0,0,0,0,0,0,0,0,0,0,0
11,0,11,0,0,0,0,0,0,0,908.455,844.818,1.000,0,0,0,0,0,0,0,0,0,0,0,0
73,0,73,0,0,0,0,0,0,0,957.479,859.425,2.342,0,0,0,0,0,0,0,0,0,0,0,0
8439,0,8439,0,0,0,0,0,0,0,921.028,856.458,90.216,0,0,0,0,0,0,0,0,0,0,0,0
155,0,155,0,0,0,0,0,0,0,880.161,864.077,4.639,0,0,0,0,0,0,0,0,0,0,0,0
84,0,84,0,0,0,0,0,0,0,919.988,865.357,3.714,0,0,0,0,0,0,0,0,0,0,0,0
63,0,63,0,0,0,0,0,0,0,979.190,890.143,1.794,0,0,0,0,0,0,0,0,0,0,0,0
82,0,82,0,0,0,0,0,0,0,929.634,898.671,2.951,0,0,0,0,0,0,0,0,0,0,0,0
565,0,565,0,0,0,0,0,0,0,937.768,897.664,11.607,0,0,0,0,0,0,0,0,0,0,0,0
1407,0,1407,0,0,0,0,0,0,0,1009.165,895.747,41.537,0,0,0,0,0,0,0,0,0,0,0,0
736,0,736,0,0,0,0,0,0,0,782.178,926.262,4.859,0,0,0,0,0,0,0,0,0,0,0,0
258,0,258,0,0,0,0,0,0,0,1028.283,926.318,4.306,0,0,0,0,0,0,0,0,0,0,0,0
94,0,94,0,0,0,0,0,0,0,1175.798,943.138,2.745,0,0,0,0,0,0,0,0,0,0,0,0
61,0,61,0,0,0,0,0,0,0,765.951,947.377,2.131,0,0,0,0,0,0,0,0,0,0,0,0
193,0,193,0,0,0,0,0,0,0,897.731,1070.233,2.585,0,0,0,0,0,0,0,0,0,0,0,0
130,0,130,0,0,0,0,0,0,0,710.785,1081.069,4.223,0,0,0,0,0,0,0,0,0,0,0,0
148,0,148,0,0,0,0,0,0,0,894.926,1084.696,2.676,0,0,0,0,0,0,0,0,0,0,0,0
29,0,29,0,0,0,0,0,0,0,1198.931,663.897,3.276,0,0,0,0,0,0,0,0,0,0,0,0
323,0,323,0,0,0,0,0,0,0,807.344,737.251,5.563,0,0,0,0,0,0,0,0,0,0,0,0
84,0,84,0,0,0,0,0,0,0,410.024,747.250,4.071,0,0,0,0,0,0,0,0,0,0,0,0
29,0,29,0,0,0,0,0,0,0,428.931,840.966,3.862,0,0,0,0,0,0,0,0,0,0,0,0
25,0,25,0,0,0,0,0,0,0,930.400,853.320,3.240,0,0,0,0,0,0,0,0,0,0,0,0
59,0,59,0,0,0,0,0,0,0,578.983,772.068,4.492,0,0,0,0,0,0,0,0,0,0,0,0
96,0,96,0,0,0,0,0,0,0,978.177,774.073,5.688,0,0,0,0,0,0,0,0,0,0,0,0
373,0,373,0,0,0,0,0,0,0,802.432,779.196,6.922,0,0,0,0,0,0,0,0,0,0,0,0
42,0,42,0,0,0,0,0,0,0,564.643,821.167,4.952,0,0,0,0,0,0,0,0,0,0,0,0
118,0,118,0,0,0,0,0,0,0,708.492,920.356,6.263,0,0,0,0,0,0,0,0,0,0,0,0
90,0,90,0,0,0,0,0,0,0,564.611,1003.033,6.133,0,0,0,0,0,0,0,0,0,0,0,0
32,0,32,0,0,0,0,0,0,0,926.594,470.562,4.906,0,0,0,0,0,0,0,0,0,0,0,0
71,0,71,0,0,0,0,0,0,0,985.225,525.056,6.845,0,0,0,0,0,0,0,0,0,0,0,0
117,0,117,0,0,0,0,0,0,0,879.171,734.863,6.137,0,0,0,0,0,0,0,0,0,0,0,0
17,0,17,0,0,0,0,0,0,0,927.059,863.294,5.118,0,0,0,0,0,0,0,0,0,0,0,0
86,0,86,0,0,0,0,0,0,0,892.163,865.500,6.535,0,0,0,0,0,0,0,0,0,0,0,0
120,0,120,0,0,0,0,0,0,0,876.583,1046.192,7.225,0,0,0,0,0,0,0,0,0,0,0,0
15,0,15,0,0,0,0,0,0,0,773.333,497.000,6.067,0,0,0,0,0,0,0,0,0,0,0,0
17,0,17,0,0,0,0,0,0,0,424.765,510.706,5.941,0,0,0,0,0,0,0,0,0,0,0,0
274,0,274,0,0,0,0,0,0,0,664.796,736.675,9.274,0,0,0,0,0,0,0,0,0,0,0,0
11,0,11,0,0,0,0,0,0,0,853.909,834.091,6.000,0,0,0,0,0,0,0,0,0,0,0,0
20,0,20,0,0,0,0,0,0,0,598.850,836.950,6.250,0,0,0,0,0,0,0,0,0,0,0,0
118,0,118,0,0,0,0,0,0,0,646.008,955.797,7.915,0,0,0,0,0,0,0,0,0,0,0,0
189,0,189,0,0,0,0,0,0,0,830.085,517.704,9.624,0,0,0,0,0,0,0,0,0,0,0,0
205,0,205,0,0,0,0,0,0,0,529.795,545.902,9.859,0,0,0,0,0,0,0,0,0,0,0,0
64,0,64,0,0,0,0,0,0,0,351.641,733.734,8.484,0,0,0,0,0,0,0,0,0,0,0,0
378,0,378,0,0,0,0,0,0,0,508.397,755.291,11.193,0,0,0,0,0,0,0,0,0,0,0,0
2292,0,2292,0,0,0,0,0,0,0,591.409,758.832,17.690,0,0,0,0,0,0,0,0,0,0,0,0
20,0,20,0,0,0,0,0,0,0,323.450,914.950,7.800,0,0,0,0,0,0,0,0,0,0,0,0
16,0,16,0,0,0,0,0,0,0,609.000,1117.312,6.688,0,0,0,0,0,0,0,0,0,0,0,0
62,0,62,0,0,0,0,0,0,0,370.548,605.758,9.597,0,0,0,0,0,0,0,0,0,0,0,0
26,0,26,0,0,0,0,0,0,0,986.923,667.923,8.077,0,0,0,0,0,0,0,0,0,0,0,0
121,0,121,0,0,0,0,0,0,0,313.421,712.256,9.835,0,0,0,0,0,0,0,0,0,0,0,0
182,0,182,0,0,0,0,0,0,0,592.527,881.363,10.808,0,0,0,0,0,0,0,0,0,0,0,0
27,0,27,0,0,0,0,0,0,0,882.667,887.111,8.815,0,0,0,0,0,0,0,0,0,0,0,0
180,0,180,0,0,0,0,0,0,0,506.733,887.894,11.039,0,0,0,0,0,0,0,0,0,0,0,0
357,0,357,0,0,0,0,0,0,0,1059.182,954.768,12.417,0,0,0,0,0,0,0,0,0,0,0,0
232,0,232,0,0,0,0,0,0,0,650.332,702.228,11.638,0,0,0,0,0,0,0,0,0,0,0,0
156,0,156,0,0,0,0,0,0,0,290.468,737.173,11.417,0,0,0,0,0,0,0,0,0,0,0,0
204,0,204,0,0,0,0,0,0,0,615.461,790.201,11.843,0,0,0,0,0,0,0,0,0,0,0,0
244,0,244,0,0,0,0,0,0,0,551.512,830.098,11.434,0,0,0,0,0,0,0,0,0,0,0,0
382,0,382,0,0,0,0,0,0,0,662.678,910.474,13.838,0,0,0,0,0,0,0,0,0,0,0,0
66,0,66,0,0,0,0,0,0,0,856.349,390.879,11.879,0,0,0,0,0,0,0,0,0,0,0,0
362,0,362,0,0,0,0,0,0,0,1005.417,722.566,14.235,0,0,0,0,0,0,0,0,0,0,0,0
60,0,60,0,0,0,0,0,0,0,1135.650,999.450,10.883,0,0,0,0,0,0,0,0,0,0,0,0
495,0,495,0,0,0,0,0,0,0,702.895,1065.249,15.125,0,0,0,0,0,0,0,0,0,0,0,0
38,0,38,0,0,0,0,0,0,0,744.079,388.237,11.526,0,0,0,0,0,0,0,0,0,0,0,0
39,0,39,0,0,0,0,0,0,0,526.051,520.949,11.949,0,0,0,0,0,0,0,0,0,0,0,0
215,0,215,0,0,0,0,0,0,0,423.302,704.679,13.874,0,0,0,0,0,0,0,0,0,0,0,0
162,0,162,0,0,0,0,0,0,0,531.099,759.321,12.519,0,0,0,0,0,0,0,0,0,0,0,0
63,0,63,0,0,0,0,0,0,0,976.476,960.286,11.873,0,0,0,0,0,0,0,0,0,0,0,0
412,0,412,0,0,0,0,0,0,0,650.201,980.248,15.709,0,0,0,0,0,0,0,0,0,0,0,0
49,0,49,0,0,0,0,0,0,0,979.837,1010.694,12.551,0,0,0,0,0,0,0,0,0,0,0,0
235,0,235,0,0,0,0,0,0,0,672.906,401.077,19.621,0,0,0,0,0,0,0,0,0,0,0,0
61,0,61,0,0,0,0,0,0,0,424.393,492.721,13.689,0,0,0,0,0,0,0,0,0,0,0,0
236,0,236,0,0,0,0,0,0,0,833.729,660.742,15.042,0,0,0,0,0,0,0,0,0,0,0,0
208,0,208,0,0,0,0,0,0,0,668.928,769.067,13.524,0,0,0,0,0,0,0,0,0,0,0,0
672,0,672,0,0,0,0,0,0,0,835.506,835.263,26.646,0,0,0,0,0,0,0,0,0,0,0,0
499,0,499,0,0,0,0,0,0,0,880.521,863.455,19.138,0,0,0,0,0,0,0,0,0,0,0,0
191,0,191,0,0,0,0,0,0,0,1057.754,506.691,17.026,0,0,0,0,0,0,0,0,0,0,0,0
454,0,454,0,0,0,0,0,0,0,633.126,545.965,17.348,0,0,0,0,0,0,0,0,0,0,0,0
89,0,89,0,0,0,0,0,0,0,945.135,715.955,14.079,0,0,0,0,0,0,0,0,0,0,0,0
116,0,116,0,0,0,0,0,0,0,388.009,736.198,15.362,0,0,0,0,0,0,0,0,0,0,0,0
717,0,717,0,0,0,0,0,0,0,546.179,763.639,17.696,0,0,0,0,0,0,0,0,0,0,0,0
159,0,159,0,0,0,0,0,0,0,424.390,801.151,15.679,0,0,0,0,0,0,0,0,0,0,0,0
287,0,287,0,0,0,0,0,0,0,332.679,859.188,17.157,0,0,0,0,0,0,0,0,0,0,0,0
19,0,19,0,0,0,0,0,0,0,498.421,448.895,14.053,0,0,0,0,0,0,0,0,0,0,0,0
90,0,90,0,0,0,0,0,0,0,557.667,591.833,14.900,0,0,0,0,0,0,0,0,0,0,0,0
463,0,463,0,0,0,0,0,0,0,913.644,922.233,17.929,0,0,0,0,0,0,0,0,0,0,0,0
72,0,72,0,0,0,0,0,0,0,702.264,1049.819,14.889,0,0,0,0,0,0,0,0,0,0,0,0
11,0,11,0,0,0,0,0,0,0,852.455,523.818,15.091,0,0,0,0,0,0,0,0,0,0,0,0
99,0,99,0,0,0,0,0,0,0,718.707,569.636,16.141,0,0,0,0,0,0,0,0,0,0,0,0
20,0,20,0,0,0,0,0,0,0,582.500,834.400,16.100,0,0,0,0,0,0,0,0,0,0,0,0
22,0,22,0,0,0,0,0,0,0,921.682,853.955,15.500,0,0,0,0,0,0,0,0,0,0,0,0
37,0,37,0,0,0,0,0,0,0,922.838,871.270,15.514,0,0,0,0,0,0,0,0,0,0,0,0
41,0,41,0,0,0,0,0,0,0,840.585,885.049,16.537,0,0,0,0,0,0,0,0,0,0,0,0
52,0,52,0,0,0,0,0,0,0,925.712,896.654,16.404,0,0,0,0,0,0,0,0,0,0,0,0
42,0,42,0,0,0,0,0,0,0,787.500,1069.976,16.310,0,0,0,0,0,0,0,0,0,0,0,0
29,0,29,0,0,0,0,0,0,0,616.655,1149.207,15.103,0,0,0,0,0,0,0,0,0,0,0,0
147,0,147,0,0,0,0,0,0,0,1084.912,745.973,18.231,0,0,0,0,0,0,0,0,0,0,0,0
98,0,98,0,0,0,0,0,0,0,448.214,822.194,17.663,0,0,0,0,0,0,0,0,0,0,0,0
54,0,54,0,0,0,0,0,0,0,375.574,896.518,17.648,0,0,0,0,0,0,0,0,0,0,0,0
16,0,16,0,0,0,0,0,0,0,994.500,1018.000,16.000,0,0,0,0,0,0,0,0,0,0,0,0
94,0,94,0,0,0,0,0,0,0,939.862,1132.787,17.330,0,0,0,0,0,0,0,0,0,0,0,0
11,0,11,0,0,0,0,0,0,0,886.455,463.545,16.909,0,0,0,0,0,0,0,0,0,0,0,0
181,0,181,0,0,0,0,0,0,0,545.729,537.431,20.348,0,0,0,0,0,0,0,0,0,0,0,0
82,0,82,0,0,0,0,0,0,0,1001.024,709.683,18.768,0,0,0,0,0,0,0,0,0,0,0,0
152,0,152,0,0,0,0,0,0,0,594.737,836.408,18.072,0,0,0,0,0,0,0,0,0,0,0,0
60,0,60,0,0,0,0,0,0,0,901.033,842.250,18.050,0,0,0,0,0,0,0,0,0,0,0,0
158,0,158,0,0,0,0,0,0,0,451.133,881.089,20.013,0,0,0,0,0,0,0,0,0,0,0,0
139,0,139,0,0,0,0,0,0,0,1088.043,932.086,19.547,0,0,0,0,0,0,0,0,0,0,0,0
27,0,27,0,0,0,0,0,0,0,778.667,966.111,16.926,0,0,0,0,0,0,0,0,0,0,0,0
118,0,118,0,0,0,0,0,0,0,1154.483,965.915,19.195,0,0,0,0,0,0,0,0,0,0,0,0
35,0,35,0,0,0,0,0,0,0,1029.886,971.114,17.429,0,0,0,0,0,0,0,0,0,0,0,0
127,0,127,0,0,0,0,0,0,0,1038.118,1081.079,19.370,0,0,0,0,0,0,0,0,0,0,0,0
39,0,39,0,0,0,0,0,0,0,321.615,629.154,18.513,0,0,0,0,0,0,0,0,0,0,0,0
74,0,74,0,0,0,0,0,0,0,938.419,642.446,19.581,0,0,0,0,0,0,0,0,0,0,0,0
122,0,122,0,0,0,0,0,0,0,330.623,644.771,20.607,0,0,0,0,0,0,0,0,0,0,0,0
21,0,21,0,0,0,0,0,0,0,924.810,862.619,17.952,0,0,0,0,0,0,0,0,0,0,0,0
324,0,324,0,0,0,0,0,0,0,902.336,864.426,20.593,0,0,0,0,0,0,0,0,0,0,0,0
242,0,242,0,0,0,0,0,0,0,875.012,920.331,21.074,0,0,0,0,0,0,0,0,0,0,0,0
221,0,221,0,0,0,0,0,0,0,650.860,948.005,20.624,0,0,0,0,0,0,0,0,0,0,0,0
251,0,251,0,0,0,0,0,0,0,705.080,771.327,21.112,0,0,0,0,0,0,0,0,0,0,0,0
48,0,48,0,0,0,0,0,0,0,964.188,859.208,20.208,0,0,0,0,0,0,0,0,0,0,0,0
95,0,95,0,0,0,0,0,0,0,494.042,963.684,21.084,0,0,0,0,0,0,0,0,0,0,0,0
48,0,48,0,0,0,0,0,0,0,664.938,965.042,19.375,0,0,0,0,0,0,0,0,0,0,0,0
219,0,219,0,0,0,0,0,0,0,873.479,1065.196,22.429,0,0,0,0,0,0,0,0,0,0,0,0
134,0,134,0,0,0,0,0,0,0,655.321,423.552,22.485,0,0,0,0,0,0,0,0,0,0,0,0
249,0,249,0,0,0,0,0,0,0,827.337,627.992,22.855,0,0,0,0,0,0,0,0,0,0,0,0
21,0,21,0,0,0,0,0,0,0,987.095,628.190,20.048,0,0,0,0,0,0,0,0,0,0,0,0
104,0,104,0,0,0,0,0,0,0,852.952,833.327,22.644,0,0,0,0,0,0,0,0,0,0,0,0
65,0,65,0,0,0,0,0,0,0,411.077,835.138,20.569,0,0,0,0,0,0,0,0,0,0,0,0
84,0,84,0,0,0,0,0,0,0,641.214,967.071,20.631,0,0,0,0,0,0,0,0,0,0,0,0
82,0,82,0,0,0,0,0,0,0,1070.695,1028.671,22.341,0,0,0,0,0,0,0,0,0,0,0,0
84,0,84,0,0,0,0,0,0,0,1016.214,1062.000,21.929,0,0,0,0,0,0,0,0,0,0,0,0
378,0,378,0,0,0,0,0,0,0,759.622,1140.378,24.749,0,0,0,0,0,0,0,0,0,0,0,0
319,0,319,0,0,0,0,0,0,0,514.802,430.041,25.260,0,0,0,0,0,0,0,0,0,0,0,0
24,0,24,0,0,0,0,0,0,0,1094.875,877.833,21.167,0,0,0,0,0,0,0,0,0,0,0,0
38,0,38,0,0,0,0,0,0,0,836.184,496.789,23.921,0,0,0,0,0,0,0,0,0,0,0,0
429,0,429,0,0,0,0,0,0,0,663.592,616.270,27.021,0,0,0,0,0,0,0,0,0,0,0,0
24,0,24,0,0,0,0,0,0,0,979.083,844.625,22.500,0,0,0,0,0,0,0,0,0,0,0,0
41,0,41,0,0,0,0,0,0,0,919.171,864.293,24.756,0,0,0,0,0,0,0,0,0,0,0,0
14,0,14,0,0,0,0,0,0,0,678.214,967.500,22.571,0,0,0,0,0,0,0,0,0,0,0,0
217,0,217,0,0,0,0,0,0,0,972.300,488.576,26.903,0,0,0,0,0,0,0,0,0,0,0,0
594,0,594,0,0,0,0,0,0,0,820.577,687.397,27.547,0,0,0,0,0,0,0,0,0,0,0,0
596,0,596,0,0,0,0,0,0,0,565.111,821.003,28.295,0,0,0,0,0,0,0,0,0,0,0,0
134,0,134,0,0,0,0,0,0,0,578.881,838.022,25.866,0,0,0,0,0,0,0,0,0,0,0,0
24,0,24,0,0,0,0,0,0,0,575.083,852.083,23.500,0,0,0,0,0,0,0,0,0,0,0,0
117,0,117,0,0,0,0,0,0,0,922.120,870.940,25.393,0,0,0,0,0,0,0,0,0,0,0,0
145,0,145,0,0,0,0,0,0,0,1138.414,918.228,25.538,0,0,0,0,0,0,0,0,0,0,0,0
164,0,164,0,0,0,0,0,0,0,510.189,1102.079,26.299,0,0,0,0,0,0,0,0,0,0,0,0
120,0,120,0,0,0,0,0,0,0,944.708,510.992,26.283,0,0,0,0,0,0,0,0,0,0,0,0
21,0,21,0,0,0,0,0,0,0,1041.714,551.667,24.143,0,0,0,0,0,0,0,0,0,0,0,0
240,0,240,0,0,0,0,0,0,0,1018.292,587.579,28.038,0,0,0,0,0,0,0,0,0,0,0,0
44,0,44,0,0,0,0,0,0,0,873.227,601.182,24.750,0,0,0,0,0,0,0,0,0,0,0,0
163,0,163,0,0,0,0,0,0,0,1174.485,873.313,26.755,0,0,0,0,0,0,0,0,0,0,0,0
52,0,52,0,0,0,0,0,0,0,1102.981,883.115,25.942,0,0,0,0,0,0,0,0,0,0,0,0
28,0,28,0,0,0,0,0,0,0,726.929,1045.786,24.786,0,0,0,0,0,0,0,0,0,0,0,0
52,0,52,0,0,0,0,0,0,0,954.327,1067.673,24.808,0,0,0,0,0,0,0,0,0,0,0,0
485,0,485,0,0,0,0,0,0,0,407.089,545.107,31.258,0,0,0,0,0,0,0,0,0,0,0,0
203,0,203,0,0,0,0,0,0,0,615.355,561.847,27.246,0,0,0,0,0,0,0,0,0,0,0,0
15,0,15,0,0,0,0,0,0,0,579.867,558.600,25.533,0,0,0,0,0,0,0,0,0,0,0,0
66,0,66,0,0,0,0,0,0,0,445.409,933.045,27.955,0,0,0,0,0,0,0,0,0,0,0,0
108,0,108,0,0,0,0,0,0,0,971.167,634.824,28.296,0,0,0,0,0,0,0,0,0,0,0,0
16,0,16,0,0,0,0,0,0,0,370.625,691.938,27.125,0,0,0,0,0,0,0,0,0,0,0,0
349,0,349,0,0,0,0,0,0,0,715.069,751.014,30.298,0,0,0,0,0,0,0,0,0,0,0,0
249,0,249,0,0,0,0,0,0,0,742.679,910.867,30.386,0,0,0,0,0,0,0,0,0,0,0,0
244,0,244,0,0,0,0,0,0,0,819.172,360.906,32.414,0,0,0,0,0,0,0,0,0,0,0,0
63,0,63,0,0,0,0,0,0,0,426.270,705.635,28.794,0,0,0,0,0,0,0,0,0,0,0,0
57,0,57,0,0,0,0,0,0,0,340.088,766.982,30.772,0,0,0,0,0,0,0,0,0,0,0,0
90,0,90,0,0,0,0,0,0,0,687.067,871.022,29.589,0,0,0,0,0,0,0,0,0,0,0,0
91,0,91,0,0,0,0,0,0,0,503.363,880.407,29.582,0,0,0,0,0,0,0,0,0,0,0,0
211,0,211,0,0,0,0,0,0,0,840.995,882.744,30.493,0,0,0,0,0,0,0,0,0,0,0,0
258,0,258,0,0,0,0,0,0,0,925.884,895.081,33.140,0,0,0,0,0,0,0,0,0,0,0,0
78,0,78,0,0,0,0,0,0,0,1167.385,923.462,29.397,0,0,0,0,0,0,0,0,0,0,0,0
101,0,101,0,0,0,0,0,0,0,987.089,1047.188,29.822,0,0,0,0,0,0,0,0,0,0,0,0
50,0,50,0,0,0,0,0,0,0,707.520,1047.720,28.520,0,0,0,0,0,0,0,0,0,0,0,0
16,0,16,0,0,0,0,0,0,0,997.625,753.312,28.938,0,0,0,0,0,0,0,0,0,0,0,0
455,0,455,0,0,0,0,0,0,0,544.305,792.813,33.679,0,0,0,0,0,0,0,0,0,0,0,0
25,0,25,0,0,0,0,0,0,0,703.240,591.200,30.360,0,0,0,0,0,0,0,0,0,0,0,0
120,0,120,0,0,0,0,0,0,0,854.300,634.050,31.250,0,0,0,0,0,0,0,0,0,0,0,0
73,0,73,0,0,0,0,0,0,0,546.521,862.767,31.521,0,0,0,0,0,0,0,0,0,0,0,0
972,0,972,0,0,0,0,0,0,0,592.888,446.122,39.521,0,0,0,0,0,0,0,0,0,0,0,0
34,0,34,0,0,0,0,0,0,0,900.029,449.824,31.471,0,0,0,0,0,0,0,0,0,0,0,0
274,0,274,0,0,0,0,0,0,0,835.544,497.891,38.208,0,0,0,0,0,0,0,0,0,0,0,0
42,0,42,0,0,0,0,0,0,0,505.738,678.452,31.595,0,0,0,0,0,0,0,0,0,0,0,0
102,0,102,0,0,0,0,0,0,0,574.725,714.333,32.529,0,0,0,0,0,0,0,0,0,0,0,0
122,0,122,0,0,0,0,0,0,0,987.771,814.262,32.951,0,0,0,0,0,0,0,0,0,0,0,0
1340,0,1340,0,0,0,0,0,0,0,939.051,876.512,52.901,0,0,0,0,0,0,0,0,0,0,0,0
16,0,16,0,0,0,0,0,0,0,1122.625,626.812,32.062,0,0,0,0,0,0,0,0,0,0,0,0
45,0,45,0,0,0,0,0,0,0,592.422,697.867,32.711,0,0,0,0,0,0,0,0,0,0,0,0
138,0,138,0,0,0,0,0,0,0,947.804,776.761,34.130,0,0,0,0,0,0,0,0,0,0,0,0
129,0,129,0,0,0,0,0,0,0,979.171,843.271,33.496,0,0,0,0,0,0,0,0,0,0,0,0
27,0,27,0,0,0,0,0,0,0,940.630,853.741,33.630,0,0,0,0,0,0,0,0,0,0,0,0
41,0,41,0,0,0,0,0,0,0,918.561,863.098,34.854,0,0,0,0,0,0,0,0,0,0,0,0
128,0,128,0,0,0,0,0,0,0,341.516,869.078,35.562,0,0,0,0,0,0,0,0,0,0,0,0
90,0,90,0,0,0,0,0,0,0,1046.011,942.656,35.189,0,0,0,0,0,0,0,0,0,0,0,0
101,0,101,0,0,0,0,0,0,0,1038.931,588.109,34.406,0,0,0,0,0,0,0,0,0,0,0,0
42,0,42,0,0,0,0,0,0,0,469.405,602.810,33.905,0,0,0,0,0,0,0,0,0,0,0,0
13,0,13,0,0,0,0,0,0,0,325.923,833.077,33.923,0,0,0,0,0,0,0,0,0,0,0,0
16,0,16,0,0,0,0,0,0,0,918.250,853.000,33.500,0,0,0,0,0,0,0,0,0,0,0,0
38,0,38,0,0,0,0,0,0,0,922.579,870.079,34.263,0,0,0,0,0,0,0,0,0,0,0,0
62,0,62,0,0,0,0,0,0,0,941.742,895.290,34.581,0,0,0,0,0,0,0,0,0,0,0,0
11,0,11,0,0,0,0,0,0,0,437.727,913.545,32.818,0,0,0,0,0,0,0,0,0,0,0,0
25,0,25,0,0,0,0,0,0,0,350.080,928.280,33.320,0,0,0,0,0,0,0,0,0,0,0,0
80,0,80,0,0,0,0,0,0,0,936.525,1108.387,34.400,0,0,0,0,0,0,0,0,0,0,0,0
106,0,106,0,0,0,0,0,0,0,683.811,505.311,35.868,0,0,0,0,0,0,0,0,0,0,0,0
262,0,262,0,0,0,0,0,0,0,298.847,750.546,39.252,0,0,0,0,0,0,0,0,0,0,0,0
107,0,107,0,0,0,0,0,0,0,302.262,798.140,36.364,0,0,0,0,0,0,0,0,0,0,0,0
174,0,174,0,0,0,0,0,0,0,410.552,913.184,37.523,0,0,0,0,0,0,0,0,0,0,0,0
55,0,55,0,0,0,0,0,0,0,369.418,608.345,35.564,0,0,0,0,0,0,0,0,0,0,0,0
276,0,276,0,0,0,0,0,0,0,697.355,686.717,36.986,0,0,0,0,0,0,0,0,0,0,0,0
476,0,476,0,0,0,0,0,0,0,597.107,711.502,39.231,0,0,0,0,0,0,0,0,0,0,0,0
206,0,206,0,0,0,0,0,0,0,589.748,749.228,37.364,0,0,0,0,0,0,0,0,0,0,0,0
204,0,204,0,0,0,0,0,0,0,407.279,775.961,37.770,0,0,0,0,0,0,0,0,0,0,0,0
949,0,949,0,0,0,0,0,0,0,919.311,796.940,41.987,0,0,0,0,0,0,0,0,0,0,0,0
515,0,515,0,0,0,0,0,0,0,712.107,833.060,39.699,0,0,0,0,0,0,0,0,0,0,0,0
241,0,241,0,0,0,0,0,0,0,982.996,947.900,37.685,0,0,0,0,0,0,0,0,0,0,0,0
46,0,46,0,0,0,0,0,0,0,653.522,388.457,37.065,0,0,0,0,0,0,0,0,0,0,0,0
41,0,41,0,0,0,0,0,0,0,1015.122,435.610,36.732,0,0,0,0,0,0,0,0,0,0,0,0
50,0,50,0,0,0,0,0,0,0,665.320,890.720,36.460,0,0,0,0,0,0,0,0,0,0,0,0
55,0,55,0,0,0,0,0,0,0,926.727,424.564,38.764,0,0,0,0,0,0,0,0,0,0,0,0
152,0,152,0,0,0,0,0,0,0,861.059,452.862,38.895,0,0,0,0,0,0,0,0,0,0,0,0
15,0,15,0,0,0,0,0,0,0,716.400,459.200,37.333,0,0,0,0,0,0,0,0,0,0,0,0
159,0,159,0,0,0,0,0,0,0,369.358,622.855,40.088,0,0,0,0,0,0,0,0,0,0,0,0
112,0,112,0,0,0,0,0,0,0,859.875,695.286,39.259,0,0,0,0,0,0,0,0,0,0,0,0
62,0,62,0,0,0,0,0,0,0,1157.306,836.629,38.677,0,0,0,0,0,0,0,0,0,0,0,0
363,0,363,0,0,0,0,0,0,0,869.758,837.590,41.507,0,0,0,0,0,0,0,0,0,0,0,0
10,0,10,0,0,0,0,0,0,0,907.200,863.200,37.200,0,0,0,0,0,0,0,0,0,0,0,0
195,0,195,0,0,0,0,0,0,0,488.256,879.200,39.364,0,0,0,0,0,0,0,0,0,0,0,0
300,0,300,0,0,0,0,0,0,0,1075.580,928.467,51.943,0,0,0,0,0,0,0,0,0,0,0,0
87,0,87,0,0,0,0,0,0,0,718.828,1068.264,38.874,0,0,0,0,0,0,0,0,0,0,0,0
67,0,67,0,0,0,0,0,0,0,880.731,1150.910,38.537,0,0,0,0,0,0,0,0,0,0,0,0
184,0,184,0,0,0,0,0,0,0,958.533,812.668,39.853,0,0,0,0,0,0,0,0,0,0,0,0
38,0,38,0,0,0,0,0,0,0,583.368,833.395,42.158,0,0,0,0,0,0,0,0,0,0,0,0
18,0,18,0,0,0,0,0,0,0,1190.667,841.500,38.667,0,0,0,0,0,0,0,0,0,0,0,0
15,0,15,0,0,0,0,0,0,0,498.933,844.267,38.267,0,0,0,0,0,0,0,0,0,0,0,0
160,0,160,0,0,0,0,0,0,0,877.987,861.644,42.062,0,0,0,0,0,0,0,0,0,0,0,0
19,0,19,0,0,0,0,0,0,0,889.579,1005.105,38.158,0,0,0,0,0,0,0,0,0,0,0,0
61,0,61,0,0,0,0,0,0,0,486.541,454.393,39.770,0,0,0,0,0,0,0,0,0,0,0,0
91,0,91,0,0,0,0,0,0,0,1085.835,719.132,40.363,0,0,0,0,0,0,0,0,0,0,0,0
18,0,18,0,0,0,0,0,0,0,777.889,792.611,38.722,0,0,0,0,0,0,0,0,0,0,0,0
10,0,10,0,0,0,0,0,0,0,937.400,895.200,38.500,0,0,0,0,0,0,0,0,0,0,0,0
50,0,50,0,0,0,0,0,0,0,852.980,966.520,39.780,0,0,0,0,0,0,0,0,0,0,0,0
143,0,143,0,0,0,0,0,0,0,686.161,1083.168,41.014,0,0,0,0,0,0,0,0,0,0,0,0
39,0,39,0,0,0,0,0,0,0,675.462,425.615,40.590,0,0,0,0,0,0,0,0,0,0,0,0
188,0,188,0,0,0,0,0,0,0,336.590,687.819,42.468,0,0,0,0,0,0,0,0,0,0,0,0
860,0,860,0,0,0,0,0,0,0,610.116,691.408,44.559,0,0,0,0,0,0,0,0,0,0,0,0
527,0,527,0,0,0,0,0,0,0,321.268,726.148,45.715,0,0,0,0,0,0,0,0,0,0,0,0
430,0,430,0,0,0,0,0,0,0,677.977,777.916,43.374,0,0,0,0,0,0,0,0,0,0,0,0
11,0,11,0,0,0,0,0,0,0,1134.182,814.727,39.909,0,0,0,0,0,0,0,0,0,0,0,0
189,0,189,0,0,0,0,0,0,0,676.862,827.339,42.190,0,0,0,0,0,0,0,0,0,0,0,0
194,0,194,0,0,0,0,0,0,0,845.010,882.335,42.160,0,0,0,0,0,0,0,0,0,0,0,0
219,0,219,0,0,0,0,0,0,0,296.406,800.630,45.260,0,0,0,0,0,0,0,0,0,0,0,0
68,0,68,0,0,0,0,0,0,0,665.176,909.338,41.588,0,0,0,0,0,0,0,0,0,0,0,0
449,0,449,0,0,0,0,0,0,0,716.682,967.118,46.612,0,0,0,0,0,0,0,0,0,0,0,0
52,0,52,0,0,0,0,0,0,0,841.154,1062.827,41.481,0,0,0,0,0,0,0,0,0,0,0,0
1907,0,1907,0,0,0,0,0,0,0,691.975,1108.112,80.702,0,0,0,0,0,0,0,0,0,0,0,0
89,0,89,0,0,0,0,0,0,0,476.393,649.618,44.045,0,0,0,0,0,0,0,0,0,0,0,0
243,0,243,0,0,0,0,0,0,0,802.119,684.268,44.815,0,0,0,0,0,0,0,0,0,0,0,0
262,0,262,0,0,0,0,0,0,0,479.416,744.195,46.489,0,0,0,0,0,0,0,0,0,0,0,0
27,0,27,0,0,0,0,0,0,0,494.667,827.667,42.444,0,0,0,0,0,0,0,0,0,0,0,0
380,0,380,0,0,0,0,0,0,0,436.276,837.005,59.855,0,0,0,0,0,0,0,0,0,0,0,0
551,0,551,0,0,0,0,0,0,0,335.951,870.532,48.514,0,0,0,0,0,0,0,0,0,0,0,0
278,0,278,0,0,0,0,0,0,0,864.971,897.532,45.532,0,0,0,0,0,0,0,0,0,0,0,0
26,0,26,0,0,0,0,0,0,0,448.885,961.346,42.000,0,0,0,0,0,0,0,0,0,0,0,0
392,0,392,0,0,0,0,0,0,0,642.699,1005.064,46.008,0,0,0,0,0,0,0,0,0,0,0,0
391,0,391,0,0,0,0,0,0,0,733.205,1036.808,45.471,0,0,0,0,0,0,0,0,0,0,0,0
68,0,68,0,0,0,0,0,0,0,976.985,1092.441,43.294,0,0,0,0,0,0,0,0,0,0,0,0
90,0,90,0,0,0,0,0,0,0,615.067,819.278,44.700,0,0,0,0,0,0,0,0,0,0,0,0
51,0,51,0,0,0,0,0,0,0,940.569,854.039,49.686,0,0,0,0,0,0,0,0,0,0,0,0
98,0,98,0,0,0,0,0,0,0,654.398,939.316,45.388,0,0,0,0,0,0,0,0,0,0,0,0
11,0,11,0,0,0,0,0,0,0,1015.545,438.000,43.727,0,0,0,0,0,0,0,0,0,0,0,0
296,0,296,0,0,0,0,0,0,0,428.895,705.916,46.936,0,0,0,0,0,0,0,0,0,0,0,0
711,0,711,0,0,0,0,0,0,0,942.461,756.550,49.108,0,0,0,0,0,0,0,0,0,0,0,0
202,0,202,0,0,0,0,0,0,0,955.946,840.436,46.723,0,0,0,0,0,0,0,0,0,0,0,0
25,0,25,0,0,0,0,0,0,0,942.920,894.360,44.720,0,0,0,0,0,0,0,0,0,0,0,0
49,0,49,0,0,0,0,0,0,0,372.469,897.918,45.143,0,0,0,0,0,0,0,0,0,0,0,0
22,0,22,0,0,0,0,0,0,0,380.455,604.455,45.045,0,0,0,0,0,0,0,0,0,0,0,0
137,0,137,0,0,0,0,0,0,0,1126.927,792.708,47.985,0,0,0,0,0,0,0,0,0,0,0,0
645,0,645,0,0,0,0,0,0,0,903.564,842.371,49.757,0,0,0,0,0,0,0,0,0,0,0,0
62,0,62,0,0,0,0,0,0,0,754.919,1030.371,45.532,0,0,0,0,0,0,0,0,0,0,0,0
12,0,12,0,0,0,0,0,0,0,720.500,421.500,46.000,0,0,0,0,0,0,0,0,0,0,0,0
195,0,195,0,0,0,0,0,0,0,492.723,658.067,49.051,0,0,0,0,0,0,0,0,0,0,0,0
23,0,23,0,0,0,0,0,0,0,444.870,750.130,46.522,0,0,0,0,0,0,0,0,0,0,0,0
68,0,68,0,0,0,0,0,0,0,664.265,812.706,46.926,0,0,0,0,0,0,0,0,0,0,0,0
464,0,464,0,0,0,0,0,0,0,450.705,887.562,51.353,0,0,0,0,0,0,0,0,0,0,0,0
73,0,73,0,0,0,0,0,0,0,423.425,938.863,47.863,0,0,0,0,0,0,0,0,0,0,0,0
37,0,37,0,0,0,0,0,0,0,1086.973,1001.811,46.703,0,0,0,0,0,0,0,0,0,0,0,0
116,0,116,0,0,0,0,0,0,0,495.974,1031.310,47.440,0,0,0,0,0,0,0,0,0,0,0,0
384,0,384,0,0,0,0,0,0,0,581.227,772.008,50.344,0,0,0,0,0,0,0,0,0,0,0,0
36,0,36,0,0,0,0,0,0,0,457.861,795.472,47.444,0,0,0,0,0,0,0,0,0,0,0,0
77,0,77,0,0,0,0,0,0,0,518.416,822.506,48.442,0,0,0,0,0,0,0,0,0,0,0,0
84,0,84,0,0,0,0,0,0,0,551.083,835.940,48.845,0,0,0,0,0,0,0,0,0,0,0,0
50,0,50,0,0,0,0,0,0,0,476.740,870.740,48.080,0,0,0,0,0,0,0,0,0,0,0,0
211,0,211,0,0,0,0,0,0,0,811.777,924.711,50.602,0,0,0,0,0,0,0,0,0,0,0,0
23,0,23,0,0,0,0,0,0,0,985.870,997.652,47.435,0,0,0,0,0,0,0,0,0,0,0,0
74,0,74,0,0,0,0,0,0,0,689.973,1030.041,47.865,0,0,0,0,0,0,0,0,0,0,0,0
26,0,26,0,0,0,0,0,0,0,913.231,1057.000,48.808,0,0,0,0,0,0,0,0,0,0,0,0
41,0,41,0,0,0,0,0,0,0,686.171,1067.902,47.902,0,0,0,0,0,0,0,0,0,0,0,0
136,0,136,0,0,0,0,0,0,0,823.096,1081.427,49.243,0,0,0,0,0,0,0,0,0,0,0,0
106,0,106,0,0,0,0,0,0,0,621.632,1164.811,49.387,0,0,0,0,0,0,0,0,0,0,0,0
49,0,49,0,0,0,0,0,0,0,902.490,524.837,48.755,0,0,0,0,0,0,0,0,0,0,0,0
2052,0,2052,0,0,0,0,0,0,0,668.512,574.243,57.617,0,0,0,0,0,0,0,0,0,0,0,0
453,0,453,0,0,0,0,0,0,0,521.446,777.753,52.208,0,0,0,0,0,0,0,0,0,0,0,0
154,0,154,0,0,0,0,0,0,0,1043.929,788.448,50.006,0,0,0,0,0,0,0,0,0,0,0,0
36,0,36,0,0,0,0,0,0,0,424.111,801.917,49.083,0,0,0,0,0,0,0,0,0,0,0,0
4310,0,4310,0,0,0,0,0,0,0,881.862,862.074,94.520,0,0,0,0,0,0,0,0,0,0,0,0
36,0,36,0,0,0,0,0,0,0,927.611,894.444,47.944,0,0,0,0,0,0,0,0,0,0,0,0
21,0,21,0,0,0,0,0,0,0,979.571,961.095,48.000,0,0,0,0,0,0,0,0,0,0,0,0
175,0,175,0,0,0,0,0,0,0,947.606,1002.091,51.177,0,0,0,0,0,0,0,0,0,0,0,0
147,0,147,0,0,0,0,0,0,0,675.667,414.830,51.150,0,0,0,0,0,0,0,0,0,0,0,0
22,0,22,0,0,0,0,0,0,0,537.409,561.091,49.591,0,0,0,0,0,0,0,0,0,0,0,0
201,0,201,0,0,0,0,0,0,0,891.950,642.891,51.254,0,0,0,0,0,0,0,0,0,0,0,0
182,0,182,0,0,0,0,0,0,0,846.687,834.451,58.143,0,0,0,0,0,0,0,0,0,0,0,0
142,0,142,0,0,0,0,0,0,0,634.859,1086.211,50.718,0,0,0,0,0,0,0,0,0,0,0,0
13,0,13,0,0,0,0,0,0,0,513.154,506.692,50.077,0,0,0,0,0,0,0,0,0,0,0,0
104,0,104,0,0,0,0,0,0,0,703.885,569.615,51.423,0,0,0,0,0,0,0,0,0,0,0,0
10,0,10,0,0,0,0,0,0,0,1074.000,578.200,49.800,0,0,0,0,0,0,0,0,0,0,0,0
37,0,37,0,0,0,0,0,0,0,744.162,372.838,51.595,0,0,0,0,0,0,0,0,0,0,0,0
106,0,106,0,0,0,0,0,0,0,803.406,522.009,52.698,0,0,0,0,0,0,0,0,0,0,0,0
33,0,33,0,0,0,0,0,0,0,673.545,850.091,51.485,0,0,0,0,0,0,0,0,0,0,0,0
18,0,18,0,0,0,0,0,0,0,938.056,894.556,51.333,0,0,0,0,0,0,0,0,0,0,0,0
109,0,109,0,0,0,0,0,0,0,692.972,1071.679,53.486,0,0,0,0,0,0,0,0,0,0,0,0
46,0,46,0,0,0,0,0,0,0,752.696,379.783,52.457,0,0,0,0,0,0,0,0,0,0,0,0
207,0,207,0,0,0,0,0,0,0,900.879,403.121,54.986,0,0,0,0,0,0,0,0,0,0,0,0
310,0,310,0,0,0,0,0,0,0,575.187,731.258,54.613,0,0,0,0,0,0,0,0,0,0,0,0
29,0,29,0,0,0,0,0,0,0,922.793,868.690,52.759,0,0,0,0,0,0,0,0,0,0,0,0
311,0,311,0,0,0,0,0,0,0,588.367,883.219,54.576,0,0,0,0,0,0,0,0,0,0,0,0
23,0,23,0,0,0,0,0,0,0,499.652,1003.130,51.957,0,0,0,0,0,0,0,0,0,0,0,0
31,0,31,0,0,0,0,0,0,0,1153.194,745.452,53.548,0,0,0,0,0,0,0,0,0,0,0,0
427,0,427,0,0,0,0,0,0,0,805.775,754.337,56.208,0,0,0,0,0,0,0,0,0,0,0,0
44,0,44,0,0,0,0,0,0,0,583.909,833.227,56.591,0,0,0,0,0,0,0,0,0,0,0,0
202,0,202,0,0,0,0,0,0,0,1103.109,938.510,56.871,0,0,0,0,0,0,0,0,0,0,0,0
130,0,130,0,0,0,0,0,0,0,393.923,998.931,55.454,0,0,0,0,0,0,0,0,0,0,0,0
130,0,130,0,0,0,0,0,0,0,585.300,595.646,55.485,0,0,0,0,0,0,0,0,0,0,0,0
442,0,442,0,0,0,0,0,0,0,993.591,663.145,58.835,0,0,0,0,0,0,0,0,0,0,0,0
85,0,85,0,0,0,0,0,0,0,1072.553,838.459,55.024,0,0,0,0,0,0,0,0,0,0,0,0
456,0,456,0,0,0,0,0,0,0,941.577,893.906,65.963,0,0,0,0,0,0,0,0,0,0,0,0
108,0,108,0,0,0,0,0,0,0,436.963,953.676,56.046,0,0,0,0,0,0,0,0,0,0,0,0
53,0,53,0,0,0,0,0,0,0,818.887,991.057,54.604,0,0,0,0,0,0,0,0,0,0,0,0
57,0,57,0,0,0,0,0,0,0,83.825,616.702,56.018,0,0,0,0,0,0,0,0,0,0,0,0
107,0,107,0,0,0,0,0,0,0,1113.925,740.953,57.383,0,0,0,0,0,0,0,0,0,0,0,0
328,0,328,0,0,0,0,0,0,0,442.433,778.412,58.488,0,0,0,0,0,0,0,0,0,0,0,0
136,0,136,0,0,0,0,0,0,0,911.331,861.581,57.287,0,0,0,0,0,0,0,0,0,0,0,0
314,0,314,0,0,0,0,0,0,0,676.602,897.557,58.150,0,0,0,0,0,0,0,0,0,0,0,0
146,0,146,0,0,0,0,0,0,0,1007.596,981.336,57.637,0,0,0,0,0,0,0,0,0,0,0,0
113,0,113,0,0,0,0,0,0,0,923.575,1026.248,58.124,0,0,0,0,0,0,0,0,0,0,0,0
90,0,90,0,0,0,0,0,0,0,1017.633,1040.933,58.267,0,0,0,0,0,0,0,0,0,0,0,0
272,0,272,0,0,0,0,0,0,0,555.919,786.158,59.375,0,0,0,0,0,0,0,0,0,0,0,0
299,0,299,0,0,0,0,0,0,0,1104.017,953.599,61.441,0,0,0,0,0,0,0,0,0,0,0,0
191,0,191,0,0,0,0,0,0,0,1059.942,701.325,60.126,0,0,0,0,0,0,0,0,0,0,0,0
345,0,345,0,0,0,0,0,0,0,985.829,813.612,61.180,0,0,0,0,0,0,0,0,0,0,0,0
119,0,119,0,0,0,0,0,0,0,1144.992,836.563,59.882,0,0,0,0,0,0,0,0,0,0,0,0
500,0,500,0,0,0,0,0,0,0,546.766,969.046,63.062,0,0,0,0,0,0,0,0,0,0,0,0
12,0,12,0,0,0,0,0,0,0,395.167,522.167,58.500,0,0,0,0,0,0,0,0,0,0,0,0
606,0,606,0,0,0,0,0,0,0,949.360,773.122,63.632,0,0,0,0,0,0,0,0,0,0,0,0
116,0,116,0,0,0,0,0,0,0,1035.828,793.526,60.707,0,0,0,0,0,0,0,0,0,0,0,0
37,0,37,0,0,0,0,0,0,0,978.757,844.243,61.919,0,0,0,0,0,0,0,0,0,0,0,0
75,0,75,0,0,0,0,0,0,0,1072.613,890.613,62.253,0,0,0,0,0,0,0,0,0,0,0,0
87,0,87,0,0,0,0,0,0,0,427.862,912.667,61.115,0,0,0,0,0,0,0,0,0,0,0,0
15,0,15,0,0,0,0,0,0,0,738.333,370.267,59.933,0,0,0,0,0,0,0,0,0,0,0,0
72,0,72,0,0,0,0,0,0,0,1060.292,470.722,61.972,0,0,0,0,0,0,0,0,0,0,0,0
259,0,259,0,0,0,0,0,0,0,433.788,656.046,63.521,0,0,0,0,0,0,0,0,0,0,0,0
143,0,143,0,0,0,0,0,0,0,940.769,854.231,63.189,0,0,0,0,0,0,0,0,0,0,0,0
179,0,179,0,0,0,0,0,0,0,627.045,1153.559,63.045,0,0,0,0,0,0,0,0,0,0,0,0
71,0,71,0,0,0,0,0,0,0,824.239,603.042,62.070,0,0,0,0,0,0,0,0,0,0,0,0
647,0,647,0,0,0,0,0,0,0,974.556,705.218,66.372,0,0,0,0,0,0,0,0,0,0,0,0
19,0,19,0,0,0,0,0,0,0,671.947,770.053,60.789,0,0,0,0,0,0,0,0,0,0,0,0
352,0,352,0,0,0,0,0,0,0,640.668,801.511,64.295,0,0,0,0,0,0,0,0,0,0,0,0
17,0,17,0,0,0,0,0,0,0,342.588,807.882,60.882,0,0,0,0,0,0,0,0,0,0,0,0
129,0,129,0,0,0,0,0,0,0,341.984,901.233,64.450,0,0,0,0,0,0,0,0,0,0,0,0
214,0,214,0,0,0,0,0,0,0,872.285,918.514,63.327,0,0,0,0,0,0,0,0,0,0,0,0
79,0,79,0,0,0,0,0,0,0,834.405,940.177,62.722,0,0,0,0,0,0,0,0,0,0,0,0
128,0,128,0,0,0,0,0,0,0,935.852,986.969,63.078,0,0,0,0,0,0,0,0,0,0,0,0
137,0,137,0,0,0,0,0,0,0,1002.657,1089.723,64.219,0,0,0,0,0,0,0,0,0,0,0,0
34,0,34,0,0,0,0,0,0,0,718.294,1171.118,61.529,0,0,0,0,0,0,0,0,0,0,0,0
142,0,142,0,0,0,0,0,0,0,440.296,514.415,64.810,0,0,0,0,0,0,0,0,0,0,0,0
167,0,167,0,0,0,0,0,0,0,784.042,791.150,63.659,0,0,0,0,0,0,0,0,0,0,0,0
96,0,96,0,0,0,0,0,0,0,891.552,833.990,64.000,0,0,0,0,0,0,0,0,0,0,0,0
44,0,44,0,0,0,0,0,0,0,1002.250,879.182,62.841,0,0,0,0,0,0,0,0,0,0,0,0
31,0,31,0,0,0,0,0,0,0,591.129,890.839,62.742,0,0,0,0,0,0,0,0,0,0,0,0
36,0,36,0,0,0,0,0,0,0,843.528,903.167,63.167,0,0,0,0,0,0,0,0,0,0,0,0
34,0,34,0,0,0,0,0,0,0,720.088,933.647,63.382,0,0,0,0,0,0,0,0,0,0,0,0
223,0,223,0,0,0,0,0,0,0,665.646,1088.368,64.816,0,0,0,0,0,0,0,0,0,0,0,0
29,0,29,0,0,0,0,0,0,0,491.103,879.690,63.759,0,0,0,0,0,0,0,0,0,0,0,0
148,0,148,0,0,0,0,0,0,0,595.013,941.108,65.892,0,0,0,0,0,0,0,0,0,0,0,0
15,0,15,0,0,0,0,0,0,0,776.733,458.000,63.600,0,0,0,0,0,0,0,0,0,0,0,0
195,0,195,0,0,0,0,0,0,0,428.862,663.313,67.138,0,0,0,0,0,0,0,0,0,0,0,0
224,0,224,0,0,0,0,0,0,0,749.219,735.763,66.741,0,0,0,0,0,0,0,0,0,0,0,0
387,0,387,0,0,0,0,0,0,0,402.902,791.437,68.687,0,0,0,0,0,0,0,0,0,0,0,0
234,0,234,0,0,0,0,0,0,0,862.291,524.333,68.611,0,0,0,0,0,0,0,0,0,0,0,0
271,0,271,0,0,0,0,0,0,0,910.096,622.841,68.513,0,0,0,0,0,0,0,0,0,0,0,0
68,0,68,0,0,0,0,0,0,0,672.132,779.191,66.441,0,0,0,0,0,0,0,0,0,0,0,0
73,0,73,0,0,0,0,0,0,0,1061.575,1071.425,66.795,0,0,0,0,0,0,0,0,0,0,0,0
93,0,93,0,0,0,0,0,0,0,750.247,1102.710,67.065,0,0,0,0,0,0,0,0,0,0,0,0
138,0,138,0,0,0,0,0,0,0,779.449,747.058,67.688,0,0,0,0,0,0,0,0,0,0,0,0
56,0,56,0,0,0,0,0,0,0,985.089,970.679,66.929,0,0,0,0,0,0,0,0,0,0,0,0
99,0,99,0,0,0,0,0,0,0,889.788,1064.899,67.737,0,0,0,0,0,0,0,0,0,0,0,0
25,0,25,0,0,0,0,0,0,0,1028.800,441.920,67.600,0,0,0,0,0,0,0,0,0,0,0,0
117,0,117,0,0,0,0,0,0,0,998.573,569.205,68.667,0,0,0,0,0,0,0,0,0,0,0,0
73,0,73,0,0,0,0,0,0,0,484.192,641.452,68.137,0,0,0,0,0,0,0,0,0,0,0,0
268,0,268,0,0,0,0,0,0,0,833.243,644.918,70.873,0,0,0,0,0,0,0,0,0,0,0,0
66,0,66,0,0,0,0,0,0,0,994.515,765.182,68.379,0,0,0,0,0,0,0,0,0,0,0,0
100,0,100,0,0,0,0,0,0,0,511.830,769.890,68.600,0,0,0,0,0,0,0,0,0,0,0,0
56,0,56,0,0,0,0,0,0,0,578.964,917.429,68.143,0,0,0,0,0,0,0,0,0,0,0,0
28,0,28,0,0,0,0,0,0,0,831.750,946.679,67.679,0,0,0,0,0,0,0,0,0,0,0,0
17,0,17,0,0,0,0,0,0,0,739.824,1149.706,66.765,0,0,0,0,0,0,0,0,0,0,0,0
127,0,127,0,0,0,0,0,0,0,820.843,447.339,69.953,0,0,0,0,0,0,0,0,0,0,0,0
120,0,120,0,0,0,0,0,0,0,533.175,454.067,70.117,0,0,0,0,0,0,0,0,0,0,0,0
258,0,258,0,0,0,0,0,0,0,501.953,540.050,72.019,0,0,0,0,0,0,0,0,0,0,0,0
47,0,47,0,0,0,0,0,0,0,786.596,602.596,69.000,0,0,0,0,0,0,0,0,0,0,0,0
418,0,418,0,0,0,0,0,0,0,971.610,793.354,72.179,0,0,0,0,0,0,0,0,0,0,0,0
559,0,559,0,0,0,0,0,0,0,569.293,947.633,73.122,0,0,0,0,0,0,0,0,0,0,0,0
13,0,13,0,0,0,0,0,0,0,707.231,1017.769,67.923,0,0,0,0,0,0,0,0,0,0,0,0
43,0,43,0,0,0,0,0,0,0,913.558,1057.837,69.279,0,0,0,0,0,0,0,0,0,0,0,0
59,0,59,0,0,0,0,0,0,0,958.729,532.254,70.169,0,0,0,0,0,0,0,0,0,0,0,0
731,0,731,0,0,0,0,0,0,0,902.551,605.586,75.483,0,0,0,0,0,0,0,0,0,0,0,0
122,0,122,0,0,0,0,0,0,0,776.951,675.820,70.344,0,0,0,0,0,0,0,0,0,0,0,0
34,0,34,0,0,0,0,0,0,0,551.471,837.088,69.324,0,0,0,0,0,0,0,0,0,0,0,0
218,0,218,0,0,0,0,0,0,0,901.509,840.280,80.803,0,0,0,0,0,0,0,0,0,0,0,0
15,0,15,0,0,0,0,0,0,0,321.133,852.000,68.667,0,0,0,0,0,0,0,0,0,0,0,0
205,0,205,0,0,0,0,0,0,0,337.732,853.073,72.693,0,0,0,0,0,0,0,0,0,0,0,0
390,0,390,0,0,0,0,0,0,0,731.862,876.823,72.936,0,0,0,0,0,0,0,0,0,0,0,0
31,0,31,0,0,0,0,0,0,0,577.710,888.323,69.065,0,0,0,0,0,0,0,0,0,0,0,0
306,0,306,0,0,0,0,0,0,0,918.418,961.144,73.997,0,0,0,0,0,0,0,0,0,0,0,0
131,0,131,0,0,0,0,0,0,0,1134.000,970.672,71.237,0,0,0,0,0,0,0,0,0,0,0,0
120,0,120,0,0,0,0,0,0,0,781.083,972.417,70.917,0,0,0,0,0,0,0,0,0,0,0,0
236,0,236,0,0,0,0,0,0,0,1159.987,790.148,73.729,0,0,0,0,0,0,0,0,0,0,0,0
56,0,56,0,0,0,0,0,0,0,1063.393,812.750,70.875,0,0,0,0,0,0,0,0,0,0,0,0
74,0,74,0,0,0,0,0,0,0,856.122,857.378,70.851,0,0,0,0,0,0,0,0,0,0,0,0
102,0,102,0,0,0,0,0,0,0,1068.490,877.059,72.020,0,0,0,0,0,0,0,0,0,0,0,0
358,0,358,0,0,0,0,0,0,0,1071.430,890.508,82.318,0,0,0,0,0,0,0,0,0,0,0,0
62,0,62,0,0,0,0,0,0,0,928.032,893.194,72.306,0,0,0,0,0,0,0,0,0,0,0,0
395,0,395,0,0,0,0,0,0,0,407.116,853.509,75.430,0,0,0,0,0,0,0,0,0,0,0,0
65,0,65,0,0,0,0,0,0,0,851.108,1095.354,71.923,0,0,0,0,0,0,0,0,0,0,0,0
203,0,203,0,0,0,0,0,0,0,1066.783,626.123,75.522,0,0,0,0,0,0,0,0,0,0,0,0
167,0,167,0,0,0,0,0,0,0,825.102,632.174,73.569,0,0,0,0,0,0,0,0,0,0,0,0
662,0,662,0,0,0,0,0,0,0,582.409,833.239,100.379,0,0,0,0,0,0,0,0,0,0,0,0
22,0,22,0,0,0,0,0,0,0,792.364,985.227,71.818,0,0,0,0,0,0,0,0,0,0,0,0
46,0,46,0,0,0,0,0,0,0,863.978,989.609,73.370,0,0,0,0,0,0,0,0,0,0,0,0
155,0,155,0,0,0,0,0,0,0,894.290,640.839,75.458,0,0,0,0,0,0,0,0,0,0,0,0
64,0,64,0,0,0,0,0,0,0,1013.531,880.469,73.766,0,0,0,0,0,0,0,0,0,0,0,0
23,0,23,0,0,0,0,0,0,0,866.609,609.696,73.696,0,0,0,0,0,0,0,0,0,0,0,0
220,0,220,0,0,0,0,0,0,0,412.623,828.995,75.714,0,0,0,0,0,0,0,0,0,0,0,0
85,0,85,0,0,0,0,0,0,0,834.694,836.612,76.682,0,0,0,0,0,0,0,0,0,0,0,0
27,0,27,0,0,0,0,0,0,0,355.667,904.852,74.259,0,0,0,0,0,0,0,0,0,0,0,0
58,0,58,0,0,0,0,0,0,0,747.362,411.603,75.828,0,0,0,0,0,0,0,0,0,0,0,0
43,0,43,0,0,0,0,0,0,0,598.628,429.442,75.395,0,0,0,0,0,0,0,0,0,0,0,0
70,0,70,0,0,0,0,0,0,0,846.357,453.157,75.771,0,0,0,0,0,0,0,0,0,0,0,0
116,0,116,0,0,0,0,0,0,0,861.595,483.095,77.052,0,0,0,0,0,0,0,0,0,0,0,0
1250,0,1250,0,0,0,0,0,0,0,539.539,562.715,83.385,0,0,0,0,0,0,0,0,0,0,0,0
157,0,157,0,0,0,0,0,0,0,352.554,628.293,78.280,0,0,0,0,0,0,0,0,0,0,0,0
23,0,23,0,0,0,0,0,0,0,558.652,699.826,75.000,0,0,0,0,0,0,0,0,0,0,0,0
85,0,85,0,0,0,0,0,0,0,570.659,730.859,76.259,0,0,0,0,0,0,0,0,0,0,0,0
216,0,216,0,0,0,0,0,0,0,803.982,754.440,78.296,0,0,0,0,0,0,0,0,0,0,0,0
883,0,883,0,0,0,0,0,0,0,952.870,1133.108,81.750,0,0,0,0,0,0,0,0,0,0,0,0
14,0,14,0,0,0,0,0,0,0,1103.571,632.857,76.143,0,0,0,0,0,0,0,0,0,0,0,0
772,0,772,0,0,0,0,0,0,0,933.277,673.062,82.339,0,0,0,0,0,0,0,0,0,0,0,0
83,0,83,0,0,0,0,0,0,0,1074.639,688.277,77.494,0,0,0,0,0,0,0,0,0,0,0,0
71,0,71,0,0,0,0,0,0,0,429.324,707.394,77.211,0,0,0,0,0,0,0,0,0,0,0,0
165,0,165,0,0,0,0,0,0,0,762.018,977.230,78.661,0,0,0,0,0,0,0,0,0,0,0,0
333,0,333,0,0,0,0,0,0,0,789.174,1181.417,82.706,0,0,0,0,0,0,0,0,0,0,0,0
154,0,154,0,0,0,0,0,0,0,506.007,523.890,79.247,0,0,0,0,0,0,0,0,0,0,0,0
87,0,87,0,0,0,0,0,0,0,309.977,698.977,79.172,0,0,0,0,0,0,0,0,0,0,0,0
65,0,65,0,0,0,0,0,0,0,451.308,782.400,78.615,0,0,0,0,0,0,0,0,0,0,0,0
54,0,54,0,0,0,0,0,0,0,856.204,858.130,80.611,0,0,0,0,0,0,0,0,0,0,0,0
110,0,110,0,0,0,0,0,0,0,1103.964,881.182,78.818,0,0,0,0,0,0,0,0,0,0,0,0
17,0,17,0,0,0,0,0,0,0,1151.647,917.118,77.000,0,0,0,0,0,0,0,0,0,0,0,0
174,0,174,0,0,0,0,0,0,0,466.075,1006.080,79.011,0,0,0,0,0,0,0,0,0,0,0,0
112,0,112,0,0,0,0,0,0,0,616.080,550.098,79.518,0,0,0,0,0,0,0,0,0,0,0,0
843,0,843,0,0,0,0,0,0,0,1050.518,657.357,87.739,0,0,0,0,0,0,0,0,0,0,0,0
158,0,158,0,0,0,0,0,0,0,497.120,798.576,80.437,0,0,0,0,0,0,0,0,0,0,0,0
152,0,152,0,0,0,0,0,0,0,350.947,850.395,80.921,0,0,0,0,0,0,0,0,0,0,0,0
36,0,36,0,0,0,0,0,0,0,740.472,902.222,78.306,0,0,0,0,0,0,0,0,0,0,0,0
180,0,180,0,0,0,0,0,0,0,663.956,968.606,80.178,0,0,0,0,0,0,0,0,0,0,0,0
202,0,202,0,0,0,0,0,0,0,922.441,1046.351,80.713,0,0,0,0,0,0,0,0,0,0,0,0
13,0,13,0,0,0,0,0,0,0,495.000,609.308,78.846,0,0,0,0,0,0,0,0,0,0,0,0
237,0,237,0,0,0,0,0,0,0,986.042,665.401,81.308,0,0,0,0,0,0,0,0,0,0,0,0
1174,0,1174,0,0,0,0,0,0,0,779.422,672.680,85.618,0,0,0,0,0,0,0,0,0,0,0,0
1398,0,1398,0,0,0,0,0,0,0,623.174,736.785,86.584,0,0,0,0,0,0,0,0,0,0,0,0
178,0,178,0,0,0,0,0,0,0,933.208,875.197,84.146,0,0,0,0,0,0,0,0,0,0,0,0
25,0,25,0,0,0,0,0,0,0,932.000,898.080,79.080,0,0,0,0,0,0,0,0,0,0,0,0
1933,0,1933,0,0,0,0,0,0,0,774.289,812.931,88.208,0,0,0,0,0,0,0,0,0,0,0,0
95,0,95,0,0,0,0,0,0,0,859.179,936.232,81.779,0,0,0,0,0,0,0,0,0,0,0,0
156,0,156,0,0,0,0,0,0,0,729.263,1020.449,81.962,0,0,0,0,0,0,0,0,0,0,0,0
154,0,154,0,0,0,0,0,0,0,563.571,538.188,83.870,0,0,0,0,0,0,0,0,0,0,0,0
67,0,67,0,0,0,0,0,0,0,1145.642,638.821,82.119,0,0,0,0,0,0,0,0,0,0,0,0
91,0,91,0,0,0,0,0,0,0,1087.582,685.967,81.846,0,0,0,0,0,0,0,0,0,0,0,0
162,0,162,0,0,0,0,0,0,0,733.938,841.309,82.957,0,0,0,0,0,0,0,0,0,0,0,0
13,0,13,0,0,0,0,0,0,0,967.846,877.308,81.231,0,0,0,0,0,0,0,0,0,0,0,0
396,0,396,0,0,0,0,0,0,0,943.841,893.351,90.952,0,0,0,0,0,0,0,0,0,0,0,0
399,0,399,0,0,0,0,0,0,0,741.185,932.454,85.193,0,0,0,0,0,0,0,0,0,0,0,0
177,0,177,0,0,0,0,0,0,0,761.277,1014.328,82.774,0,0,0,0,0,0,0,0,0,0,0,0
240,0,240,0,0,0,0,0,0,0,703.708,503.067,86.221,0,0,0,0,0,0,0,0,0,0,0,0
86,0,86,0,0,0,0,0,0,0,881.512,618.372,83.442,0,0,0,0,0,0,0,0,0,0,0,0
110,0,110,0,0,0,0,0,0,0,845.145,630.282,83.327,0,0,0,0,0,0,0,0,0,0,0,0
42,0,42,0,0,0,0,0,0,0,756.500,735.810,82.571,0,0,0,0,0,0,0,0,0,0,0,0
402,0,402,0,0,0,0,0,0,0,893.950,812.525,86.259,0,0,0,0,0,0,0,0,0,0,0,0
137,0,137,0,0,0,0,0,0,0,1145.197,838.387,84.599,0,0,0,0,0,0,0,0,0,0,0,0
42,0,42,0,0,0,0,0,0,0,928.476,894.119,83.452,0,0,0,0,0,0,0,0,0,0,0,0
71,0,71,0,0,0,0,0,0,0,1124.831,951.310,84.155,0,0,0,0,0,0,0,0,0,0,0,0
97,0,97,0,0,0,0,0,0,0,867.309,973.041,83.381,0,0,0,0,0,0,0,0,0,0,0,0
76,0,76,0,0,0,0,0,0,0,744.500,989.474,83.605,0,0,0,0,0,0,0,0,0,0,0,0
34,0,34,0,0,0,0,0,0,0,609.441,454.471,83.353,0,0,0,0,0,0,0,0,0,0,0,0
93,0,93,0,0,0,0,0,0,0,618.989,473.978,84.344,0,0,0,0,0,0,0,0,0,0,0,0
149,0,149,0,0,0,0,0,0,0,895.523,618.013,85.027,0,0,0,0,0,0,0,0,0,0,0,0
483,0,483,0,0,0,0,0,0,0,930.576,704.586,88.265,0,0,0,0,0,0,0,0,0,0,0,0
228,0,228,0,0,0,0,0,0,0,468.561,853.320,86.026,0,0,0,0,0,0,0,0,0,0,0,0
284,0,284,0,0,0,0,0,0,0,1160.637,906.609,87.398,0,0,0,0,0,0,0,0,0,0,0,0
69,0,69,0,0,0,0,0,0,0,718.449,1007.261,84.348,0,0,0,0,0,0,0,0,0,0,0,0
76,0,76,0,0,0,0,0,0,0,438.132,541.329,85.197,0,0,0,0,0,0,0,0,0,0,0,0
29,0,29,0,0,0,0,0,0,0,349.483,662.276,84.207,0,0,0,0,0,0,0,0,0,0,0,0
48,0,48,0,0,0,0,0,0,0,736.542,1013.750,84.979,0,0,0,0,0,0,0,0,0,0,0,0
46,0,46,0,0,0,0,0,0,0,703.130,1056.217,85.326,0,0,0,0,0,0,0,0,0,0,0,0
145,0,145,0,0,0,0,0,0,0,773.166,1168.641,86.503,0,0,0,0,0,0,0,0,0,0,0,0
193,0,193,0,0,0,0,0,0,0,908.425,392.762,89.073,0,0,0,0,0,0,0,0,0,0,0,0
41,0,41,0,0,0,0,0,0,0,998.634,488.488,86.220,0,0,0,0,0,0,0,0,0,0,0,0
11,0,11,0,0,0,0,0,0,0,489.000,522.727,85.091,0,0,0,0,0,0,0,0,0,0,0,0
570,0,570,0,0,0,0,0,0,0,930.521,658.551,91.514,0,0,0,0,0,0,0,0,0,0,0,0
60,0,60,0,0,0,0,0,0,0,317.333,716.083,86.550,0,0,0,0,0,0,0,0,0,0,0,0
10,0,10,0,0,0,0,0,0,0,642.500,726.000,85.000,0,0,0,0,0,0,0,0,0,0,0,0
2499,0,2499,0,0,0,0,0,0,0,687.544,779.834,94.655,0,0,0,0,0,0,0,0,0,0,0,0
106,0,106,0,0,0,0,0,0,0,404.434,829.189,87.057,0,0,0,0,0,0,0,0,0,0,0,0
11,0,11,0,0,0,0,0,0,0,853.545,835.545,85.091,0,0,0,0,0,0,0,0,0,0,0,0
136,0,136,0,0,0,0,0,0,0,532.353,899.309,87.228,0,0,0,0,0,0,0,0,0,0,0,0
81,0,81,0,0,0,0,0,0,0,1076.444,976.654,86.037,0,0,0,0,0,0,0,0,0,0,0,0
47,0,47,0,0,0,0,0,0,0,478.340,505.553,86.511,0,0,0,0,0,0,0,0,0,0,0,0
73,0,73,0,0,0,0,0,0,0,666.452,571.836,87.479,0,0,0,0,0,0,0,0,0,0,0,0
97,0,97,0,0,0,0,0,0,0,794.454,739.495,87.588,0,0,0,0,0,0,0,0,0,0,0,0
61,0,61,0,0,0,0,0,0,0,399.361,753.623,87.295,0,0,0,0,0,0,0,0,0,0,0,0
1431,0,1431,0,0,0,0,0,0,0,490.874,814.303,96.159,0,0,0,0,0,0,0,0,0,0,0,0
51,0,51,0,0,0,0,0,0,0,566.137,904.020,87.529,0,0,0,0,0,0,0,0,0,0,0,0
301,0,301,0,0,0,0,0,0,0,477.555,917.568,90.296,0,0,0,0,0,0,0,0,0,0,0,0
17,0,17,0,0,0,0,0,0,0,838.765,937.294,85.941,0,0,0,0,0,0,0,0,0,0,0,0
23,0,23,0,0,0,0,0,0,0,515.261,1124.130,86.261,0,0,0,0,0,0,0,0,0,0,0,0
275,0,275,0,0,0,0,0,0,0,403.949,512.040,90.651,0,0,0,0,0,0,0,0,0,0,0,0
277,0,277,0,0,0,0,0,0,0,494.477,608.350,89.614,0,0,0,0,0,0,0,0,0,0,0,0
119,0,119,0,0,0,0,0,0,0,1078.571,703.781,88.563,0,0,0,0,0,0,0,0,0,0,0,0
197,0,197,0,0,0,0,0,0,0,603.234,749.305,90.051,0,0,0,0,0,0,0,0,0,0,0,0
11,0,11,0,0,0,0,0,0,0,397.273,748.182,87.182,0,0,0,0,0,0,0,0,0,0,0,0
316,0,316,0,0,0,0,0,0,0,603.079,940.364,91.108,0,0,0,0,0,0,0,0,0,0,0,0
318,0,318,0,0,0,0,0,0,0,982.157,1037.616,91.387,0,0,0,0,0,0,0,0,0,0,0,0
84,0,84,0,0,0,0,0,0,0,922.667,1084.619,88.869,0,0,0,0,0,0,0,0,0,0,0,0
27,0,27,0,0,0,0,0,0,0,852.926,435.963,88.778,0,0,0,0,0,0,0,0,0,0,0,0
54,0,54,0,0,0,0,0,0,0,497.370,565.389,88.407,0,0,0,0,0,0,0,0,0,0,0,0
59,0,59,0,0,0,0,0,0,0,571.814,585.339,89.068,0,0,0,0,0,0,0,0,0,0,0,0
29,0,29,0,0,0,0,0,0,0,301.034,753.828,88.552,0,0,0,0,0,0,0,0,0,0,0,0
164,0,164,0,0,0,0,0,0,0,664.768,777.945,89.774,0,0,0,0,0,0,0,0,0,0,0,0
494,0,494,0,0,0,0,0,0,0,598.105,799.717,92.976,0,0,0,0,0,0,0,0,0,0,0,0
91,0,91,0,0,0,0,0,0,0,437.857,835.440,89.022,0,0,0,0,0,0,0,0,0,0,0,0
16,0,16,0,0,0,0,0,0,0,478.625,835.062,87.812,0,0,0,0,0,0,0,0,0,0,0,0
72,0,72,0,0,0,0,0,0,0,914.431,861.333,89.083,0,0,0,0,0,0,0,0,0,0,0,0
96,0,96,0,0,0,0,0,0,0,364.781,622.719,90.656,0,0,0,0,0,0,0,0,0,0,0,0
66,0,66,0,0,0,0,0,0,0,457.045,705.212,90.727,0,0,0,0,0,0,0,0,0,0,0,0
50,0,50,0,0,0,0,0,0,0,430.360,708.980,89.380,0,0,0,0,0,0,0,0,0,0,0,0
534,0,534,0,0,0,0,0,0,0,682.273,796.448,92.693,0,0,0,0,0,0,0,0,0,0,0,0
608,0,608,0,0,0,0,0,0,0,855.439,837.617,116.217,0,0,0,0,0,0,0,0,0,0,0,0
372,0,372,0,0,0,0,0,0,0,833.153,837.271,95.099,0,0,0,0,0,0,0,0,0,0,0,0
41,0,41,0,0,0,0,0,0,0,588.561,870.610,89.146,0,0,0,0,0,0,0,0,0,0,0,0
329,0,329,0,0,0,0,0,0,0,466.188,1007.310,92.702,0,0,0,0,0,0,0,0,0,0,0,0
1945,0,1945,0,0,0,0,0,0,0,509.924,767.771,99.679,0,0,0,0,0,0,0,0,0,0,0,0
52,0,52,0,0,0,0,0,0,0,610.404,776.558,90.788,0,0,0,0,0,0,0,0,0,0,0,0
17,0,17,0,0,0,0,0,0,0,863.471,834.176,89.706,0,0,0,0,0,0,0,0,0,0,0,0
169,0,169,0,0,0,0,0,0,0,929.663,894.728,99.503,0,0,0,0,0,0,0,0,0,0,0,0
121,0,121,0,0,0,0,0,0,0,503.041,902.438,92.421,0,0,0,0,0,0,0,0,0,0,0,0
57,0,57,0,0,0,0,0,0,0,1046.333,1082.491,91.877,0,0,0,0,0,0,0,0,0,0,0,0
440,0,440,0,0,0,0,0,0,0,440.130,648.607,96.577,0,0,0,0,0,0,0,0,0,0,0,0
189,0,189,0,0,0,0,0,0,0,615.518,674.550,92.989,0,0,0,0,0,0,0,0,0,0,0,0
176,0,176,0,0,0,0,0,0,0,763.426,699.722,92.693,0,0,0,0,0,0,0,0,0,0,0,0
38,0,38,0,0,0,0,0,0,0,856.947,859.105,91.395,0,0,0,0,0,0,0,0,0,0,0,0
98,0,98,0,0,0,0,0,0,0,314.622,864.602,92.500,0,0,0,0,0,0,0,0,0,0,0,0
375,0,375,0,0,0,0,0,0,0,1065.568,904.149,94.992,0,0,0,0,0,0,0,0,0,0,0,0
29,0,29,0,0,0,0,0,0,0,656.483,1071.241,91.103,0,0,0,0,0,0,0,0,0,0,0,0
22,0,22,0,0,0,0,0,0,0,687.682,1082.727,91.273,0,0,0,0,0,0,0,0,0,0,0,0
471,0,471,0,0,0,0,0,0,0,943.047,427.890,96.533,0,0,0,0,0,0,0,0,0,0,0,0
25,0,25,0,0,0,0,0,0,0,524.800,438.400,92.760,0,0,0,0,0,0,0,0,0,0,0,0
27,0,27,0,0,0,0,0,0,0,744.593,650.185,92.111,0,0,0,0,0,0,0,0,0,0,0,0
67,0,67,0,0,0,0,0,0,0,1064.418,812.806,93.985,0,0,0,0,0,0,0,0,0,0,0,0
40,0,40,0,0,0,0,0,0,0,686.550,837.775,92.800,0,0,0,0,0,0,0,0,0,0,0,0
70,0,70,0,0,0,0,0,0,0,426.100,840.871,92.743,0,0,0,0,0,0,0,0,0,0,0,0
194,0,194,0,0,0,0,0,0,0,892.716,861.093,94.670,0,0,0,0,0,0,0,0,0,0,0,0
14,0,14,0,0,0,0,0,0,0,1191.143,876.214,91.929,0,0,0,0,0,0,0,0,0,0,0,0
122,0,122,0,0,0,0,0,0,0,712.984,957.393,93.590,0,0,0,0,0,0,0,0,0,0,0,0
112,0,112,0,0,0,0,0,0,0,752.812,977.152,93.054,0,0,0,0,0,0,0,0,0,0,0,0
92,0,92,0,0,0,0,0,0,0,1018.435,438.489,95.185,0,0,0,0,0,0,0,0,0,0,0,0
53,0,53,0,0,0,0,0,0,0,299.038,792.717,94.340,0,0,0,0,0,0,0,0,0,0,0,0
342,0,342,0,0,0,0,0,0,0,392.146,796.480,98.029,0,0,0,0,0,0,0,0,0,0,0,0
49,0,49,0,0,0,0,0,0,0,905.551,873.694,94.673,0,0,0,0,0,0,0,0,0,0,0,0
13,0,13,0,0,0,0,0,0,0,423.923,830.615,93.462,0,0,0,0,0,0,0,0,0,0,0,0
15,0,15,0,0,0,0,0,0,0,980.200,843.200,94.200,0,0,0,0,0,0,0,0,0,0,0,0
106,0,106,0,0,0,0,0,0,0,972.726,902.179,95.783,0,0,0,0,0,0,0,0,0,0,0,0
101,0,101,0,0,0,0,0,0,0,500.020,454.515,96.376,0,0,0,0,0,0,0,0,0,0,0,0
25,0,25,0,0,0,0,0,0,0,923.560,581.400,95.040,0,0,0,0,0,0,0,0,0,0,0,0
48,0,48,0,0,0,0,0,0,0,1115.771,605.604,96.104,0,0,0,0,0,0,0,0,0,0,0,0
32,0,32,0,0,0,0,0,0,0,641.469,835.531,95.531,0,0,0,0,0,0,0,0,0,0,0,0
117,0,117,0,0,0,0,0,0,0,438.239,836.137,96.393,0,0,0,0,0,0,0,0,0,0,0,0
108,0,108,0,0,0,0,0,0,0,539.528,887.398,97.046,0,0,0,0,0,0,0,0,0,0,0,0
304,0,304,0,0,0,0,0,0,0,679.990,532.296,99.378,0,0,0,0,0,0,0,0,0,0,0,0
31,0,31,0,0,0,0,0,0,0,888.065,615.806,96.258,0,0,0,0,0,0,0,0,0,0,0,0
191,0,191,0,0,0,0,0,0,0,781.890,771.880,98.660,0,0,0,0,0,0,0,0,0,0,0,0
56,0,56,0,0,0,0,0,0,0,576.054,902.875,96.375,0,0,0,0,0,0,0,0,0,0,0,0
727,0,727,0,0,0,0,0,0,0,954.955,1134.308,99.341,0,0,0,0,0,0,0,0,0,0,0,0
71,0,71,0,0,0,0,0,0,0,733.479,520.690,97.944,0,0,0,0,0,0,0,0,0,0,0,0
66,0,66,0,0,0,0,0,0,0,1034.651,688.015,97.833,0,0,0,0,0,0,0,0,0,0,0,0
192,0,192,0,0,0,0,0,0,0,937.792,714.865,99.818,0,0,0,0,0,0,0,0,0,0,0,0
85,0,85,0,0,0,0,0,0,0,1077.306,746.565,98.271,0,0,0,0,0,0,0,0,0,0,0,0
90,0,90,0,0,0,0,0,0,0,331.967,778.833,98.689,0,0,0,0,0,0,0,0,0,0,0,0
631,0,631,0,0,0,0,0,0,0,940.992,812.824,102.748,0,0,0,0,0,0,0,0,0,0,0,0
12,0,12,0,0,0,0,0,0,0,310.167,878.750,97.417,0,0,0,0,0,0,0,0,0,0,0,0
60,0,60,0,0,0,0,0,0,0,468.367,451.050,98.750,0,0,0,0,0,0,0,0,0,0,0,0
208,0,208,0,0,0,0,0,0,0,793.606,680.562,100.736,0,0,0,0,0,0,0,0,0,0,0,0
90,0,90,0,0,0,0,0,0,0,655.722,776.433,98.867,0,0,0,0,0,0,0,0,0,0,0,0
68,0,68,0,0,0,0,0,0,0,1007.000,891.765,101.456,0,0,0,0,0,0,0,0,0,0,0,0
211,0,211,0,0,0,0,0,0,0,995.649,959.109,101.374,0,0,0,0,0,0,0,0,0,0,0,0
48,0,48,0,0,0,0,0,0,0,398.896,753.333,99.979,0,0,0,0,0,0,0,0,0,0,0,0
68,0,68,0,0,0,0,0,0,0,1168.573,784.544,100.485,0,0,0,0,0,0,0,0,0,0,0,0
44,0,44,0,0,0,0,0,0,0,920.568,857.364,100.818,0,0,0,0,0,0,0,0,0,0,0,0
62,0,62,0,0,0,0,0,0,0,522.000,954.032,100.516,0,0,0,0,0,0,0,0,0,0,0,0
72,0,72,0,0,0,0,0,0,0,577.292,1121.653,100.597,0,0,0,0,0,0,0,0,0,0,0,0
45,0,45,0,0,0,0,0,0,0,498.311,496.467,100.933,0,0,0,0,0,0,0,0,0,0,0,0
252,0,252,0,0,0,0,0,0,0,893.127,693.940,103.008,0,0,0,0,0,0,0,0,0,0,0,0
156,0,156,0,0,0,0,0,0,0,1072.058,714.635,103.167,0,0,0,0,0,0,0,0,0,0,0,0
401,0,401,0,0,0,0,0,0,0,1130.623,829.676,105.030,0,0,0,0,0,0,0,0,0,0,0,0
10,0,10,0,0,0,0,0,0,0,425.600,831.700,99.500,0,0,0,0,0,0,0,0,0,0,0,0
35,0,35,0,0,0,0,0,0,0,912.143,860.857,101.000,0,0,0,0,0,0,0,0,0,0,0,0
655,0,655,0,0,0,0,0,0,0,888.852,662.524,106.037,0,0,0,0,0,0,0,0,0,0,0,0
170,0,170,0,0,0,0,0,0,0,697.982,747.106,102.612,0,0,0,0,0,0,0,0,0,0,0,0
76,0,76,0,0,0,0,0,0,0,669.987,770.987,101.487,0,0,0,0,0,0,0,0,0,0,0,0
73,0,73,0,0,0,0,0,0,0,902.260,841.014,107.110,0,0,0,0,0,0,0,0,0,0,0,0
1038,0,1038,0,0,0,0,0,0,0,413.824,858.622,108.220,0,0,0,0,0,0,0,0,0,0,0,0
319,0,319,0,0,0,0,0,0,0,787.100,861.433,104.113,0,0,0,0,0,0,0,0,0,0,0,0
210,0,210,0,0,0,0,0,0,0,307.938,870.071,105.919,0,0,0,0,0,0,0,0,0,0,0,0
56,0,56,0,0,0,0,0,0,0,949.804,993.696,102.589,0,0,0,0,0,0,0,0,0,0,0,0
118,0,118,0,0,0,0,0,0,0,1071.161,687.847,104.720,0,0,0,0,0,0,0,0,0,0,0,0
237,0,237,0,0,0,0,0,0,0,1002.869,870.135,105.304,0,0,0,0,0,0,0,0,0,0,0,0
6855,0,6855,0,0,0,0,0,0,0,916.653,876.903,133.296,0,0,0,0,0,0,0,0,0,0,0,0
80,0,80,0,0,0,0,0,0,0,750.900,882.100,102.800,0,0,0,0,0,0,0,0,0,0,0,0
58,0,58,0,0,0,0,0,0,0,349.034,938.948,103.310,0,0,0,0,0,0,0,0,0,0,0,0
431,0,431,0,0,0,0,0,0,0,671.464,976.202,105.749,0,0,0,0,0,0,0,0,0,0,0,0
35,0,35,0,0,0,0,0,0,0,806.657,977.857,101.914,0,0,0,0,0,0,0,0,0,0,0,0
175,0,175,0,0,0,0,0,0,0,633.726,1054.366,104.623,0,0,0,0,0,0,0,0,0,0,0,0
27,0,27,0,0,0,0,0,0,0,688.037,1069.111,102.037,0,0,0,0,0,0,0,0,0,0,0,0
103,0,103,0,0,0,0,0,0,0,1087.612,555.155,105.592,0,0,0,0,0,0,0,0,0,0,0,0
18,0,18,0,0,0,0,0,0,0,469.944,747.722,103.000,0,0,0,0,0,0,0,0,0,0,0,0
345,0,345,0,0,0,0,0,0,0,903.458,862.429,114.841,0,0,0,0,0,0,0,0,0,0,0,0
141,0,141,0,0,0,0,0,0,0,1046.199,880.411,105.241,0,0,0,0,0,0,0,0,0,0,0,0
14,0,14,0,0,0,0,0,0,0,494.286,915.000,103.286,0,0,0,0,0,0,0,0,0,0,0,0
18,0,18,0,0,0,0,0,0,0,545.556,916.500,103.000,0,0,0,0,0,0,0,0,0,0,0,0
339,0,339,0,0,0,0,0,0,0,904.814,1087.171,107.614,0,0,0,0,0,0,0,0,0,0,0,0
59,0,59,0,0,0,0,0,0,0,383.729,632.390,105.373,0,0,0,0,0,0,0,0,0,0,0,0
281,0,281,0,0,0,0,0,0,0,881.153,637.883,106.744,0,0,0,0,0,0,0,0,0,0,0,0
45,0,45,0,0,0,0,0,0,0,1052.756,678.844,104.489,0,0,0,0,0,0,0,0,0,0,0,0
515,0,515,0,0,0,0,0,0,0,1023.050,682.518,109.206,0,0,0,0,0,0,0,0,0,0,0,0
26,0,26,0,0,0,0,0,0,0,480.769,714.808,103.885,0,0,0,0,0,0,0,0,0,0,0,0
355,0,355,0,0,0,0,0,0,0,599.783,835.484,105.425,0,0,0,0,0,0,0,0,0,0,0,0
2052,0,2052,0,0,0,0,0,0,0,1057.914,893.937,129.875,0,0,0,0,0,0,0,0,0,0,0,0
144,0,144,0,0,0,0,0,0,0,770.493,942.604,105.965,0,0,0,0,0,0,0,0,0,0,0,0
343,0,343,0,0,0,0,0,0,0,658.292,412.886,109.895,0,0,0,0,0,0,0,0,0,0,0,0
419,0,419,0,0,0,0,0,0,0,727.802,573.845,109.640,0,0,0,0,0,0,0,0,0,0,0,0
173,0,173,0,0,0,0,0,0,0,324.486,726.763,107.272,0,0,0,0,0,0,0,0,0,0,0,0
74,0,74,0,0,0,0,0,0,0,466.432,934.541,106.189,0,0,0,0,0,0,0,0,0,0,0,0
144,0,144,0,0,0,0,0,0,0,787.278,1020.403,107.104,0,0,0,0,0,0,0,0,0,0,0,0
10,0,10,0,0,0,0,0,0,0,158.100,510.900,105.200,0,0,0,0,0,0,0,0,0,0,0,0
269,0,269,0,0,0,0,0,0,0,964.844,619.171,108.710,0,0,0,0,0,0,0,0,0,0,0,0
49,0,49,0,0,0,0,0,0,0,587.061,633.245,106.571,0,0,0,0,0,0,0,0,0,0,0,0
20,0,20,0,0,0,0,0,0,0,1198.850,879.150,106.100,0,0,0,0,0,0,0,0,0,0,0,0
35,0,35,0,0,0,0,0,0,0,473.571,515.971,107.486,0,0,0,0,0,0,0,0,0,0,0,0
86,0,86,0,0,0,0,0,0,0,953.593,657.198,108.395,0,0,0,0,0,0,0,0,0,0,0,0
131,0,131,0,0,0,0,0,0,0,774.534,680.863,108.634,0,0,0,0,0,0,0,0,0,0,0,0
98,0,98,0,0,0,0,0,0,0,485.724,834.265,107.847,0,0,0,0,0,0,0,0,0,0,0,0
47,0,47,0,0,0,0,0,0,0,929.106,851.170,107.574,0,0,0,0,0,0,0,0,0,0,0,0
61,0,61,0,0,0,0,0,0,0,904.475,393.820,108.902,0,0,0,0,0,0,0,0,0,0,0,0
32,0,32,0,0,0,0,0,0,0,1059.531,638.125,108.500,0,0,0,0,0,0,0,0,0,0,0,0
119,0,119,0,0,0,0,0,0,0,1145.286,638.151,110.387,0,0,0,0,0,0,0,0,0,0,0,0
279,0,279,0,0,0,0,0,0,0,398.125,752.875,112.065,0,0,0,0,0,0,0,0,0,0,0,0
181,0,181,0,0,0,0,0,0,0,833.735,836.867,110.099,0,0,0,0,0,0,0,0,0,0,0,0
2005,0,2005,0,0,0,0,0,0,0,845.523,954.475,117.872,0,0,0,0,0,0,0,0,0,0,0,0
314,0,314,0,0,0,0,0,0,0,568.758,1007.570,111.656,0,0,0,0,0,0,0,0,0,0,0,0
21,0,21,0,0,0,0,0,0,0,952.000,1103.095,108.095,0,0,0,0,0,0,0,0,0,0,0,0
87,0,87,0,0,0,0,0,0,0,994.759,678.690,109.931,0,0,0,0,0,0,0,0,0,0,0,0
38,0,38,0,0,0,0,0,0,0,989.316,748.263,109.711,0,0,0,0,0,0,0,0,0,0,0,0
135,0,135,0,0,0,0,0,0,0,434.370,767.770,110.741,0,0,0,0,0,0,0,0,0,0,0,0
32,0,32,0,0,0,0,0,0,0,502.000,817.875,109.750,0,0,0,0,0,0,0,0,0,0,0,0
344,0,344,0,0,0,0,0,0,0,945.456,894.084,117.038,0,0,0,0,0,0,0,0,0,0,0,0
77,0,77,0,0,0,0,0,0,0,599.558,924.169,110.039,0,0,0,0,0,0,0,0,0,0,0,0
152,0,152,0,0,0,0,0,0,0,541.164,1022.336,111.026,0,0,0,0,0,0,0,0,0,0,0,0
121,0,121,0,0,0,0,0,0,0,879.066,1048.504,110.620,0,0,0,0,0,0,0,0,0,0,0,0
360,0,360,0,0,0,0,0,0,0,541.747,728.147,113.325,0,0,0,0,0,0,0,0,0,0,0,0
112,0,112,0,0,0,0,0,0,0,494.232,838.777,112.393,0,0,0,0,0,0,0,0,0,0,0,0
117,0,117,0,0,0,0,0,0,0,1097.667,981.154,112.009,0,0,0,0,0,0,0,0,0,0,0,0
109,0,109,0,0,0,0,0,0,0,724.771,1127.330,111.413,0,0,0,0,0,0,0,0,0,0,0,0
210,0,210,0,0,0,0,0,0,0,1103.029,671.033,113.500,0,0,0,0,0,0,0,0,0,0,0,0
203,0,203,0,0,0,0,0,0,0,887.478,713.626,113.049,0,0,0,0,0,0,0,0,0,0,0,0
142,0,142,0,0,0,0,0,0,0,453.141,821.528,113.239,0,0,0,0,0,0,0,0,0,0,0,0
19,0,19,0,0,0,0,0,0,0,433.421,835.053,111.263,0,0,0,0,0,0,0,0,0,0,0,0
83,0,83,0,0,0,0,0,0,0,995.398,835.639,114.566,0,0,0,0,0,0,0,0,0,0,0,0
14,0,14,0,0,0,0,0,0,0,1006.357,892.214,111.857,0,0,0,0,0,0,0,0,0,0,0,0
242,0,242,0,0,0,0,0,0,0,1137.678,967.554,116.107,0,0,0,0,0,0,0,0,0,0,0,0
295,0,295,0,0,0,0,0,0,0,620.241,1049.139,115.125,0,0,0,0,0,0,0,0,0,0,0,0
274,0,274,0,0,0,0,0,0,0,840.803,505.960,115.668,0,0,0,0,0,0,0,0,0,0,0,0
111,0,111,0,0,0,0,0,0,0,505.369,523.541,113.730,0,0,0,0,0,0,0,0,0,0,0,0
608,0,608,0,0,0,0,0,0,0,687.944,778.974,120.002,0,0,0,0,0,0,0,0,0,0,0,0
97,0,97,0,0,0,0,0,0,0,772.763,985.649,113.526,0,0,0,0,0,0,0,0,0,0,0,0
177,0,177,0,0,0,0,0,0,0,1002.362,632.825,115.503,0,0,0,0,0,0,0,0,0,0,0,0
17,0,17,0,0,0,0,0,0,0,986.529,708.059,112.941,0,0,0,0,0,0,0,0,0,0,0,0
67,0,67,0,0,0,0,0,0,0,547.597,738.164,113.343,0,0,0,0,0,0,0,0,0,0,0,0
445,0,445,0,0,0,0,0,0,0,712.802,743.036,117.701,0,0,0,0,0,0,0,0,0,0,0,0
4370,0,4370,0,0,0,0,0,0,0,528.425,794.554,116.665,0,0,0,0,0,0,0,0,0,0,0,0
43,0,43,0,0,0,0,0,0,0,829.907,919.814,113.651,0,0,0,0,0,0,0,0,0,0,0,0
126,0,126,0,0,0,0,0,0,0,843.127,936.095,114.746,0,0,0,0,0,0,0,0,0,0,0,0
53,0,53,0,0,0,0,0,0,0,443.604,1044.340,114.264,0,0,0,0,0,0,0,0,0,0,0,0
271,0,271,0,0,0,0,0,0,0,761.469,590.450,116.756,0,0,0,0,0,0,0,0,0,0,0,0
443,0,443,0,0,0,0,0,0,0,1140.887,675.553,119.738,0,0,0,0,0,0,0,0,0,0,0,0
59,0,59,0,0,0,0,0,0,0,1091.610,679.000,115.051,0,0,0,0,0,0,0,0,0,0,0,0
202,0,202,0,0,0,0,0,0,0,1128.743,763.074,117.728,0,0,0,0,0,0,0,0,0,0,0,0
101,0,101,0,0,0,0,0,0,0,913.000,861.644,116.119,0,0,0,0,0,0,0,0,0,0,0,0
42,0,42,0,0,0,0,0,0,0,1039.571,889.095,115.333,0,0,0,0,0,0,0,0,0,0,0,0
63,0,63,0,0,0,0,0,0,0,460.365,1035.349,115.429,0,0,0,0,0,0,0,0,0,0,0,0
89,0,89,0,0,0,0,0,0,0,1072.506,743.225,116.303,0,0,0,0,0,0,0,0,0,0,0,0
537,0,537,0,0,0,0,0,0,0,691.549,806.155,119.406,0,0,0,0,0,0,0,0,0,0,0,0
122,0,122,0,0,0,0,0,0,0,784.992,836.762,120.910,0,0,0,0,0,0,0,0,0,0,0,0
77,0,77,0,0,0,0,0,0,0,866.468,835.597,117.260,0,0,0,0,0,0,0,0,0,0,0,0
58,0,58,0,0,0,0,0,0,0,999.466,1068.448,116.259,0,0,0,0,0,0,0,0,0,0,0,0
95,0,95,0,0,0,0,0,0,0,547.105,1106.042,116.663,0,0,0,0,0,0,0,0,0,0,0,0
64,0,64,0,0,0,0,0,0,0,514.938,1124.484,117.312,0,0,0,0,0,0,0,0,0,0,0,0
96,0,96,0,0,0,0,0,0,0,1060.312,539.708,117.677,0,0,0,0,0,0,0,0,0,0,0,0
206,0,206,0,0,0,0,0,0,0,1204.316,770.112,120.345,0,0,0,0,0,0,0,0,0,0,0,0
83,0,83,0,0,0,0,0,0,0,323.783,778.723,118.470,0,0,0,0,0,0,0,0,0,0,0,0
26,0,26,0,0,0,0,0,0,0,1092.846,827.692,116.000,0,0,0,0,0,0,0,0,0,0,0,0
1512,0,1512,0,0,0,0,0,0,0,430.978,836.048,122.090,0,0,0,0,0,0,0,0,0,0,0,0
154,0,154,0,0,0,0,0,0,0,903.987,842.032,122.078,0,0,0,0,0,0,0,0,0,0,0,0
61,0,61,0,0,0,0,0,0,0,393.000,1015.066,118.131,0,0,0,0,0,0,0,0,0,0,0,0
32,0,32,0,0,0,0,0,0,0,887.406,1055.188,117.094,0,0,0,0,0,0,0,0,0,0,0,0
1270,0,1270,0,0,0,0,0,0,0,675.974,481.567,116.076,0,0,0,0,0,0,0,0,0,0,0,0
14,0,14,0,0,0,0,0,0,0,798.571,469.571,116.000,0,0,0,0,0,0,0,0,0,0,0,0
36,0,36,0,0,0,0,0,0,0,639.111,601.639,117.250,0,0,0,0,0,0,0,0,0,0,0,0
17,0,17,0,0,0,0,0,0,0,762.176,878.647,117.000,0,0,0,0,0,0,0,0,0,0,0,0
603,0,603,0,0,0,0,0,0,0,509.390,1010.436,122.590,0,0,0,0,0,0,0,0,0,0,0,0
78,0,78,0,0,0,0,0,0,0,755.808,374.821,119.615,0,0,0,0,0,0,0,0,0,0,0,0
187,0,187,0,0,0,0,0,0,0,441.000,631.364,121.278,0,0,0,0,0,0,0,0,0,0,0,0
616,0,616,0,0,0,0,0,0,0,755.388,736.170,126.093,0,0,0,0,0,0,0,0,0,0,0,0
129,0,129,0,0,0,0,0,0,0,986.915,816.124,120.388,0,0,0,0,0,0,0,0,0,0,0,0
173,0,173,0,0,0,0,0,0,0,485.694,835.081,121.607,0,0,0,0,0,0,0,0,0,0,0,0
50,0,50,0,0,0,0,0,0,0,354.600,929.100,118.740,0,0,0,0,0,0,0,0,0,0,0,0
872,0,872,0,0,0,0,0,0,0,462.089,641.759,127.070,0,0,0,0,0,0,0,0,0,0,0,0
377,0,377,0,0,0,0,0,0,0,821.042,675.456,121.809,0,0,0,0,0,0,0,0,0,0,0,0
557,0,557,0,0,0,0,0,0,0,609.589,800.932,123.885,0,0,0,0,0,0,0,0,0,0,0,0
32,0,32,0,0,0,0,0,0,0,919.438,857.906,121.000,0,0,0,0,0,0,0,0,0,0,0,0
181,0,181,0,0,0,0,0,0,0,460.144,960.144,121.834,0,0,0,0,0,0,0,0,0,0,0,0
254,0,254,0,0,0,0,0,0,0,487.189,1029.106,123.370,0,0,0,0,0,0,0,0,0,0,0,0
27,0,27,0,0,0,0,0,0,0,811.259,1065.333,118.889,0,0,0,0,0,0,0,0,0,0,0,0
55,0,55,0,0,0,0,0,0,0,471.691,618.055,120.491,0,0,0,0,0,0,0,0,0,0,0,0
42,0,42,0,0,0,0,0,0,0,1120.738,760.881,120.262,0,0,0,0,0,0,0,0,0,0,0,0
329,0,329,0,0,0,0,0,0,0,1014.480,811.590,124.027,0,0,0,0,0,0,0,0,0,0,0,0
46,0,46,0,0,0,0,0,0,0,1152.522,816.826,121.435,0,0,0,0,0,0,0,0,0,0,0,0
16,0,16,0,0,0,0,0,0,0,1193.500,880.188,120.250,0,0,0,0,0,0,0,0,0,0,0,0
204,0,204,0,0,0,0,0,0,0,694.985,939.618,123.304,0,0,0,0,0,0,0,0,0,0,0,0
17,0,17,0,0,0,0,0,0,0,607.882,1024.823,119.882,0,0,0,0,0,0,0,0,0,0,0,0
166,0,166,0,0,0,0,0,0,0,984.741,1034.946,122.536,0,0,0,0,0,0,0,0,0,0,0,0
18,0,18,0,0,0,0,0,0,0,532.000,435.000,121.444,0,0,0,0,0,0,0,0,0,0,0,0
26,0,26,0,0,0,0,0,0,0,663.346,451.769,120.769,0,0,0,0,0,0,0,0,0,0,0,0
74,0,74,0,0,0,0,0,0,0,810.716,957.649,122.459,0,0,0,0,0,0,0,0,0,0,0,0
267,0,267,0,0,0,0,0,0,0,916.086,1022.786,124.682,0,0,0,0,0,0,0,0,0,0,0,0
67,0,67,0,0,0,0,0,0,0,427.761,514.000,123.284,0,0,0,0,0,0,0,0,0,0,0,0
103,0,103,0,0,0,0,0,0,0,799.738,660.816,123.738,0,0,0,0,0,0,0,0,0,0,0,0
133,0,133,0,0,0,0,0,0,0,931.414,712.075,123.752,0,0,0,0,0,0,0,0,0,0,0,0
374,0,374,0,0,0,0,0,0,0,623.198,731.848,126.281,0,0,0,0,0,0,0,0,0,0,0,0
121,0,121,0,0,0,0,0,0,0,915.802,829.025,123.612,0,0,0,0,0,0,0,0,0,0,0,0
262,0,262,0,0,0,0,0,0,0,413.324,913.767,126.122,0,0,0,0,0,0,0,0,0,0,0,0
384,0,384,0,0,0,0,0,0,0,1045.956,986.716,126.536,0,0,0,0,0,0,0,0,0,0,0,0
18,0,18,0,0,0,0,0,0,0,1067.167,986.722,122.556,0,0,0,0,0,0,0,0,0,0,0,0
347,0,347,0,0,0,0,0,0,0,820.331,1064.104,126.677,0,0,0,0,0,0,0,0,0,0,0,0
66,0,66,0,0,0,0,0,0,0,530.242,1121.273,123.439,0,0,0,0,0,0,0,0,0,0,0,0
38,0,38,0,0,0,0,0,0,0,610.211,436.553,123.711,0,0,0,0,0,0,0,0,0,0,0,0
15,0,15,0,0,0,0,0,0,0,900.000,726.400,122.533,0,0,0,0,0,0,0,0,0,0,0,0
38,0,38,0,0,0,0,0,0,0,939.158,822.763,123.632,0,0,0,0,0,0,0,0,0,0,0,0
26,0,26,0,0,0,0,0,0,0,562.808,526.385,123.885,0,0,0,0,0,0,0,0,0,0,0,0
228,0,228,0,0,0,0,0,0,0,735.868,648.022,127.009,0,0,0,0,0,0,0,0,0,0,0,0
14,0,14,0,0,0,0,0,0,0,799.214,728.857,124.429,0,0,0,0,0,0,0,0,0,0,0,0
617,0,617,0,0,0,0,0,0,0,642.413,810.900,128.282,0,0,0,0,0,0,0,0,0,0,0,0
977,0,977,0,0,0,0,0,0,0,830.591,919.856,130.687,0,0,0,0,0,0,0,0,0,0,0,0
499,0,499,0,0,0,0,0,0,0,732.609,1058.216,128.395,0,0,0,0,0,0,0,0,0,0,0,0
115,0,115,0,0,0,0,0,0,0,862.104,430.322,127.678,0,0,0,0,0,0,0,0,0,0,0,0
12,0,12,0,0,0,0,0,0,0,819.667,445.167,124.667,0,0,0,0,0,0,0,0,0,0,0,0
15,0,15,0,0,0,0,0,0,0,1160.400,659.000,125.733,0,0,0,0,0,0,0,0,0,0,0,0
225,0,225,0,0,0,0,0,0,0,1119.716,812.884,129.151,0,0,0,0,0,0,0,0,0,0,0,0
25,0,25,0,0,0,0,0,0,0,867.960,836.360,125.840,0,0,0,0,0,0,0,0,0,0,0,0
59,0,59,0,0,0,0,0,0,0,505.153,1041.831,127.119,0,0,0,0,0,0,0,0,0,0,0,0
404,0,404,0,0,0,0,0,0,0,718.743,707.153,129.983,0,0,0,0,0,0,0,0,0,0,0,0
603,0,603,0,0,0,0,0,0,0,849.299,839.693,147.056,0,0,0,0,0,0,0,0,0,0,0,0
77,0,77,0,0,0,0,0,0,0,493.130,887.831,128.325,0,0,0,0,0,0,0,0,0,0,0,0
52,0,52,0,0,0,0,0,0,0,351.096,903.500,128.115,0,0,0,0,0,0,0,0,0,0,0,0
39,0,39,0,0,0,0,0,0,0,735.744,398.282,128.769,0,0,0,0,0,0,0,0,0,0,0,0
55,0,55,0,0,0,0,0,0,0,822.636,402.236,129.382,0,0,0,0,0,0,0,0,0,0,0,0
151,0,151,0,0,0,0,0,0,0,601.616,753.762,129.623,0,0,0,0,0,0,0,0,0,0,0,0
4463,0,4463,0,0,0,0,0,0,0,890.135,769.287,137.052,0,0,0,0,0,0,0,0,0,0,0,0
264,0,264,0,0,0,0,0,0,0,993.992,792.886,130.299,0,0,0,0,0,0,0,0,0,0,0,0
115,0,115,0,0,0,0,0,0,0,1139.583,836.287,129.913,0,0,0,0,0,0,0,0,0,0,0,0
1386,0,1386,0,0,0,0,0,0,0,760.383,880.382,135.371,0,0,0,0,0,0,0,0,0,0,0,0
29,0,29,0,0,0,0,0,0,0,931.552,895.552,130.759,0,0,0,0,0,0,0,0,0,0,0,0
544,0,544,0,0,0,0,0,0,0,738.472,950.680,133.108,0,0,0,0,0,0,0,0,0,0,0,0
233,0,233,0,0,0,0,0,0,0,878.459,1127.193,131.373,0,0,0,0,0,0,0,0,0,0,0,0
74,0,74,0,0,0,0,0,0,0,742.189,478.905,129.608,0,0,0,0,0,0,0,0,0,0,0,0
28,0,28,0,0,0,0,0,0,0,975.786,693.536,129.393,0,0,0,0,0,0,0,0,0,0,0,0
101,0,101,0,0,0,0,0,0,0,1032.139,715.713,131.228,0,0,0,0,0,0,0,0,0,0,0,0
313,0,313,0,0,0,0,0,0,0,364.086,806.342,132.952,0,0,0,0,0,0,0,0,0,0,0,0
100,0,100,0,0,0,0,0,0,0,756.170,852.740,130.750,0,0,0,0,0,0,0,0,0,0,0,0
92,0,92,0,0,0,0,0,0,0,916.630,862.337,130.478,0,0,0,0,0,0,0,0,0,0,0,0
150,0,150,0,0,0,0,0,0,0,884.887,863.613,132.973,0,0,0,0,0,0,0,0,0,0,0,0
559,0,559,0,0,0,0,0,0,0,947.563,895.154,138.524,0,0,0,0,0,0,0,0,0,0,0,0
150,0,150,0,0,0,0,0,0,0,899.993,919.440,130.540,0,0,0,0,0,0,0,0,0,0,0,0
165,0,165,0,0,0,0,0,0,0,595.497,955.673,131.497,0,0,0,0,0,0,0,0,0,0,0,0
117,0,117,0,0,0,0,0,0,0,906.880,976.641,130.641,0,0,0,0,0,0,0,0,0,0,0,0
79,0,79,0,0,0,0,0,0,0,887.532,1114.443,130.924,0,0,0,0,0,0,0,0,0,0,0,0
100,0,100,0,0,0,0,0,0,0,666.060,499.560,131.860,0,0,0,0,0,0,0,0,0,0,0,0
229,0,229,0,0,0,0,0,0,0,627.729,811.214,132.555,0,0,0,0,0,0,0,0,0,0,0,0
121,0,121,0,0,0,0,0,0,0,418.545,832.025,131.314,0,0,0,0,0,0,0,0,0,0,0,0
60,0,60,0,0,0,0,0,0,0,486.650,886.050,131.017,0,0,0,0,0,0,0,0,0,0,0,0
90,0,90,0,0,0,0,0,0,0,524.544,1059.478,131.233,0,0,0,0,0,0,0,0,0,0,0,0
32,0,32,0,0,0,0,0,0,0,667.219,422.000,131.531,0,0,0,0,0,0,0,0,0,0,0,0
39,0,39,0,0,0,0,0,0,0,618.333,635.872,131.410,0,0,0,0,0,0,0,0,0,0,0,0
89,0,89,0,0,0,0,0,0,0,622.404,789.607,132.719,0,0,0,0,0,0,0,0,0,0,0,0
601,0,601,0,0,0,0,0,0,0,906.095,842.930,148.652,0,0,0,0,0,0,0,0,0,0,0,0
68,0,68,0,0,0,0,0,0,0,785.618,989.162,131.912,0,0,0,0,0,0,0,0,0,0,0,0
4422,0,4422,0,0,0,0,0,0,0,609.931,707.903,132.099,0,0,0,0,0,0,0,0,0,0,0,0
312,0,312,0,0,0,0,0,0,0,912.090,606.913,136.548,0,0,0,0,0,0,0,0,0,0,0,0
269,0,269,0,0,0,0,0,0,0,477.160,720.747,136.000,0,0,0,0,0,0,0,0,0,0,0,0
16,0,16,0,0,0,0,0,0,0,401.750,833.000,131.812,0,0,0,0,0,0,0,0,0,0,0,0
43,0,43,0,0,0,0,0,0,0,1007.628,955.628,133.395,0,0,0,0,0,0,0,0,0,0,0,0
50,0,50,0,0,0,0,0,0,0,967.460,1042.680,133.160,0,0,0,0,0,0,0,0,0,0,0,0
95,0,95,0,0,0,0,0,0,0,863.168,415.400,134.716,0,0,0,0,0,0,0,0,0,0,0,0
65,0,65,0,0,0,0,0,0,0,962.415,532.385,133.738,0,0,0,0,0,0,0,0,0,0,0,0
112,0,112,0,0,0,0,0,0,0,769.250,530.241,135.232,0,0,0,0,0,0,0,0,0,0,0,0
209,0,209,0,0,0,0,0,0,0,498.163,765.081,135.536,0,0,0,0,0,0,0,0,0,0,0,0
154,0,154,0,0,0,0,0,0,0,991.532,776.019,135.500,0,0,0,0,0,0,0,0,0,0,0,0
18,0,18,0,0,0,0,0,0,0,689.722,777.944,133.500,0,0,0,0,0,0,0,0,0,0,0,0
230,0,230,0,0,0,0,0,0,0,795.300,861.035,135.791,0,0,0,0,0,0,0,0,0,0,0,0
88,0,88,0,0,0,0,0,0,0,1039.670,864.841,135.364,0,0,0,0,0,0,0,0,0,0,0,0
115,0,115,0,0,0,0,0,0,0,728.365,914.965,134.217,0,0,0,0,0,0,0,0,0,0,0,0
159,0,159,0,0,0,0,0,0,0,567.761,972.044,135.818,0,0,0,0,0,0,0,0,0,0,0,0
40,0,40,0,0,0,0,0,0,0,691.775,1112.200,133.675,0,0,0,0,0,0,0,0,0,0,0,0
753,0,753,0,0,0,0,0,0,0,706.946,1126.199,140.831,0,0,0,0,0,0,0,0,0,0,0,0
85,0,85,0,0,0,0,0,0,0,782.918,705.235,134.965,0,0,0,0,0,0,0,0,0,0,0,0
137,0,137,0,0,0,0,0,0,0,1028.124,867.029,136.058,0,0,0,0,0,0,0,0,0,0,0,0
176,0,176,0,0,0,0,0,0,0,914.830,1003.244,137.057,0,0,0,0,0,0,0,0,0,0,0,0
327,0,327,0,0,0,0,0,0,0,833.985,633.624,137.823,0,0,0,0,0,0,0,0,0,0,0,0
191,0,191,0,0,0,0,0,0,0,471.995,637.791,138.099,0,0,0,0,0,0,0,0,0,0,0,0
296,0,296,0,0,0,0,0,0,0,750.862,650.990,138.203,0,0,0,0,0,0,0,0,0,0,0,0
113,0,113,0,0,0,0,0,0,0,442.726,757.734,137.186,0,0,0,0,0,0,0,0,0,0,0,0
58,0,58,0,0,0,0,0,0,0,923.207,855.621,136.707,0,0,0,0,0,0,0,0,0,0,0,0
76,0,76,0,0,0,0,0,0,0,956.487,919.395,136.197,0,0,0,0,0,0,0,0,0,0,0,0
36,0,36,0,0,0,0,0,0,0,1058.917,944.917,135.778,0,0,0,0,0,0,0,0,0,0,0,0
286,0,286,0,0,0,0,0,0,0,401.906,525.640,139.150,0,0,0,0,0,0,0,0,0,0,0,0
53,0,53,0,0,0,0,0,0,0,400.453,833.057,136.906,0,0,0,0,0,0,0,0,0,0,0,0
79,0,79,0,0,0,0,0,0,0,653.924,842.633,136.722,0,0,0,0,0,0,0,0,0,0,0,0
198,0,198,0,0,0,0,0,0,0,751.081,990.626,138.364,0,0,0,0,0,0,0,0,0,0,0,0
70,0,70,0,0,0,0,0,0,0,762.943,1062.329,137.043,0,0,0,0,0,0,0,0,0,0,0,0
18,0,18,0,0,0,0,0,0,0,709.444,1177.333,136.000,0,0,0,0,0,0,0,0,0,0,0,0
79,0,79,0,0,0,0,0,0,0,998.456,551.063,138.646,0,0,0,0,0,0,0,0,0,0,0,0
169,0,169,0,0,0,0,0,0,0,501.391,659.527,139.639,0,0,0,0,0,0,0,0,0,0,0,0
87,0,87,0,0,0,0,0,0,0,579.954,714.425,137.667,0,0,0,0,0,0,0,0,0,0,0,0
78,0,78,0,0,0,0,0,0,0,1139.167,817.180,138.205,0,0,0,0,0,0,0,0,0,0,0,0
221,0,221,0,0,0,0,0,0,0,987.900,857.077,140.032,0,0,0,0,0,0,0,0,0,0,0,0
268,0,268,0,0,0,0,0,0,0,810.795,866.347,140.295,0,0,0,0,0,0,0,0,0,0,0,0
68,0,68,0,0,0,0,0,0,0,732.956,1085.132,137.809,0,0,0,0,0,0,0,0,0,0,0,0
113,0,113,0,0,0,0,0,0,0,819.416,1129.575,138.345,0,0,0,0,0,0,0,0,0,0,0,0
68,0,68,0,0,0,0,0,0,0,855.500,515.176,138.735,0,0,0,0,0,0,0,0,0,0,0,0
63,0,63,0,0,0,0,0,0,0,388.571,524.175,139.032,0,0,0,0,0,0,0,0,0,0,0,0
97,0,97,0,0,0,0,0,0,0,667.247,662.825,139.165,0,0,0,0,0,0,0,0,0,0,0,0
49,0,49,0,0,0,0,0,0,0,599.082,837.041,138.694,0,0,0,0,0,0,0,0,0,0,0,0
56,0,56,0,0,0,0,0,0,0,1129.393,838.643,138.750,0,0,0,0,0,0,0,0,0,0,0,0
66,0,66,0,0,0,0,0,0,0,1053.500,959.682,139.682,0,0,0,0,0,0,0,0,0,0,0,0
53,0,53,0,0,0,0,0,0,0,424.245,1053.717,139.453,0,0,0,0,0,0,0,0,0,0,0,0
70,0,70,0,0,0,0,0,0,0,929.429,538.829,139.743,0,0,0,0,0,0,0,0,0,0,0,0
319,0,319,0,0,0,0,0,0,0,789.887,838.621,154.182,0,0,0,0,0,0,0,0,0,0,0,0
130,0,130,0,0,0,0,0,0,0,835.254,839.015,141.685,0,0,0,0,0,0,0,0,0,0,0,0
307,0,307,0,0,0,0,0,0,0,501.668,520.088,143.863,0,0,0,0,0,0,0,0,0,0,0,0
47,0,47,0,0,0,0,0,0,0,564.596,728.957,140.596,0,0,0,0,0,0,0,0,0,0,0,0
372,0,372,0,0,0,0,0,0,0,486.169,795.995,143.957,0,0,0,0,0,0,0,0,0,0,0,0
2284,0,2284,0,0,0,0,0,0,0,896.592,864.406,150.750,0,0,0,0,0,0,0,0,0,0,0,0
32,0,32,0,0,0,0,0,0,0,964.469,1130.969,140.438,0,0,0,0,0,0,0,0,0,0,0,0
126,0,126,0,0,0,0,0,0,0,735.603,478.032,142.683,0,0,0,0,0,0,0,0,0,0,0,0
389,0,389,0,0,0,0,0,0,0,755.638,624.057,145.368,0,0,0,0,0,0,0,0,0,0,0,0
160,0,160,0,0,0,0,0,0,0,688.794,777.812,142.281,0,0,0,0,0,0,0,0,0,0,0,0
31,0,31,0,0,0,0,0,0,0,992.194,873.677,140.968,0,0,0,0,0,0,0,0,0,0,0,0
24,0,24,0,0,0,0,0,0,0,556.875,891.292,141.125,0,0,0,0,0,0,0,0,0,0,0,0
55,0,55,0,0,0,0,0,0,0,932.218,897.218,143.255,0,0,0,0,0,0,0,0,0,0,0,0
135,0,135,0,0,0,0,0,0,0,569.422,921.556,143.089,0,0,0,0,0,0,0,0,0,0,0,0
516,0,516,0,0,0,0,0,0,0,1010.155,532.545,146.517,0,0,0,0,0,0,0,0,0,0,0,0
269,0,269,0,0,0,0,0,0,0,1174.245,658.409,146.286,0,0,0,0,0,0,0,0,0,0,0,0
203,0,203,0,0,0,0,0,0,0,657.685,744.754,144.458,0,0,0,0,0,0,0,0,0,0,0,0
13,0,13,0,0,0,0,0,0,0,840.615,848.538,142.000,0,0,0,0,0,0,0,0,0,0,0,0
409,0,409,0,0,0,0,0,0,0,1114.205,932.002,153.276,0,0,0,0,0,0,0,0,0,0,0,0
372,0,372,0,0,0,0,0,0,0,940.234,974.215,148.909,0,0,0,0,0,0,0,0,0,0,0,0
43,0,43,0,0,0,0,0,0,0,757.256,373.442,144.326,0,0,0,0,0,0,0,0,0,0,0,0
32,0,32,0,0,0,0,0,0,0,527.031,512.812,143.312,0,0,0,0,0,0,0,0,0,0,0,0
354,0,354,0,0,0,0,0,0,0,1110.740,538.771,147.884,0,0,0,0,0,0,0,0,0,0,0,0
2553,0,2553,0,0,0,0,0,0,0,719.462,679.065,152.354,0,0,0,0,0,0,0,0,0,0,0,0
221,0,221,0,0,0,0,0,0,0,700.199,719.344,145.258,0,0,0,0,0,0,0,0,0,0,0,0
267,0,267,0,0,0,0,0,0,0,430.446,808.315,146.292,0,0,0,0,0,0,0,0,0,0,0,0
354,0,354,0,0,0,0,0,0,0,446.989,829.443,147.121,0,0,0,0,0,0,0,0,0,0,0,0
47,0,47,0,0,0,0,0,0,0,869.128,837.383,144.362,0,0,0,0,0,0,0,0,0,0,0,0
181,0,181,0,0,0,0,0,0,0,404.464,936.702,146.558,0,0,0,0,0,0,0,0,0,0,0,0
170,0,170,0,0,0,0,0,0,0,522.276,1052.924,146.412,0,0,0,0,0,0,0,0,0,0,0,0
35,0,35,0,0,0,0,0,0,0,475.371,1073.171,143.971,0,0,0,0,0,0,0,0,0,0,0,0
615,0,615,0,0,0,0,0,0,0,405.459,507.125,151.408,0,0,0,0,0,0,0,0,0,0,0,0
461,0,461,0,0,0,0,0,0,0,989.128,534.202,151.907,0,0,0,0,0,0,0,0,0,0,0,0
1052,0,1052,0,0,0,0,0,0,0,998.189,602.994,153.504,0,0,0,0,0,0,0,0,0,0,0,0
27,0,27,0,0,0,0,0,0,0,1146.000,759.000,144.000,0,0,0,0,0,0,0,0,0,0,0,0
11,0,11,0,0,0,0,0,0,0,427.818,835.727,143.545,0,0,0,0,0,0,0,0,0,0,0,0
43,0,43,0,0,0,0,0,0,0,480.884,887.140,144.860,0,0,0,0,0,0,0,0,0,0,0,0
195,0,195,0,0,0,0,0,0,0,699.338,975.795,146.113,0,0,0,0,0,0,0,0,0,0,0,0
35,0,35,0,0,0,0,0,0,0,516.629,472.657,145.629,0,0,0,0,0,0,0,0,0,0,0,0
211,0,211,0,0,0,0,0,0,0,864.900,597.995,147.242,0,0,0,0,0,0,0,0,0,0,0,0
137,0,137,0,0,0,0,0,0,0,555.401,758.511,146.416,0,0,0,0,0,0,0,0,0,0,0,0
60,0,60,0,0,0,0,0,0,0,553.900,813.633,145.450,0,0,0,0,0,0,0,0,0,0,0,0
87,0,87,0,0,0,0,0,0,0,1007.690,856.368,146.506,0,0,0,0,0,0,0,0,0,0,0,0
263,0,263,0,0,0,0,0,0,0,640.738,1038.129,149.137,0,0,0,0,0,0,0,0,0,0,0,0
13,0,13,0,0,0,0,0,0,0,937.077,1119.923,144.846,0,0,0,0,0,0,0,0,0,0,0,0
171,0,171,0,0,0,0,0,0,0,478.450,454.094,148.263,0,0,0,0,0,0,0,0,0,0,0,0
225,0,225,0,0,0,0,0,0,0,633.822,593.609,148.573,0,0,0,0,0,0,0,0,0,0,0,0
20,0,20,0,0,0,0,0,0,0,753.350,737.150,145.950,0,0,0,0,0,0,0,0,0,0,0,0
472,0,472,0,0,0,0,0,0,0,748.422,912.445,150.343,0,0,0,0,0,0,0,0,0,0,0,0
41,0,41,0,0,0,0,0,0,0,1000.219,433.098,147.463,0,0,0,0,0,0,0,0,0,0,0,0
20,0,20,0,0,0,0,0,0,0,715.950,503.600,147.800,0,0,0,0,0,0,0,0,0,0,0,0
119,0,119,0,0,0,0,0,0,0,920.992,605.042,148.613,0,0,0,0,0,0,0,0,0,0,0,0
97,0,97,0,0,0,0,0,0,0,434.557,678.588,149.227,0,0,0,0,0,0,0,0,0,0,0,0
37,0,37,0,0,0,0,0,0,0,697.487,838.432,147.297,0,0,0,0,0,0,0,0,0,0,0,0
20,0,20,0,0,0,0,0,0,0,858.450,839.550,148.750,0,0,0,0,0,0,0,0,0,0,0,0
149,0,149,0,0,0,0,0,0,0,955.396,900.638,150.121,0,0,0,0,0,0,0,0,0,0,0,0
11,0,11,0,0,0,0,0,0,0,467.273,1082.182,147.182,0,0,0,0,0,0,0,0,0,0,0,0
96,0,96,0,0,0,0,0,0,0,934.292,525.906,149.625,0,0,0,0,0,0,0,0,0,0,0,0
58,0,58,0,0,0,0,0,0,0,418.293,833.017,148.534,0,0,0,0,0,0,0,0,0,0,0,0
86,0,86,0,0,0,0,0,0,0,620.058,868.453,149.465,0,0,0,0,0,0,0,0,0,0,0,0
111,0,111,0,0,0,0,0,0,0,573.063,984.505,150.090,0,0,0,0,0,0,0,0,0,0,0,0
48,0,48,0,0,0,0,0,0,0,520.125,485.625,150.083,0,0,0,0,0,0,0,0,0,0,0,0
32,0,32,0,0,0,0,0,0,0,629.219,563.000,149.031,0,0,0,0,0,0,0,0,0,0,0,0
10,0,10,0,0,0,0,0,0,0,342.600,579.500,149.200,0,0,0,0,0,0,0,0,0,0,0,0
730,0,730,0,0,0,0,0,0,0,825.236,782.188,153.675,0,0,0,0,0,0,0,0,0,0,0,0
41,0,41,0,0,0,0,0,0,0,866.293,839.098,150.024,0,0,0,0,0,0,0,0,0,0,0,0
30,0,30,0,0,0,0,0,0,0,1150.200,852.267,149.833,0,0,0,0,0,0,0,0,0,0,0,0
320,0,320,0,0,0,0,0,0,0,342.938,929.841,154.784,0,0,0,0,0,0,0,0,0,0,0,0
13,0,13,0,0,0,0,0,0,0,1061.462,507.385,150.000,0,0,0,0,0,0,0,0,0,0,0,0
81,0,81,0,0,0,0,0,0,0,1085.272,519.321,151.272,0,0,0,0,0,0,0,0,0,0,0,0
42,0,42,0,0,0,0,0,0,0,1099.048,687.643,150.548,0,0,0,0,0,0,0,0,0,0,0,0
19,0,19,0,0,0,0,0,0,0,448.053,845.105,149.895,0,0,0,0,0,0,0,0,0,0,0,0
633,0,633,0,0,0,0,0,0,0,1020.046,608.134,158.899,0,0,0,0,0,0,0,0,0,0,0,0
269,0,269,0,0,0,0,0,0,0,1058.007,684.253,154.851,0,0,0,0,0,0,0,0,0,0,0,0
122,0,122,0,0,0,0,0,0,0,598.492,838.926,151.992,0,0,0,0,0,0,0,0,0,0,0,0
93,0,93,0,0,0,0,0,0,0,418.441,885.645,152.140,0,0,0,0,0,0,0,0,0,0,0,0
357,0,357,0,0,0,0,0,0,0,740.885,996.608,154.244,0,0,0,0,0,0,0,0,0,0,0,0
121,0,121,0,0,0,0,0,0,0,733.157,1115.785,153.190,0,0,0,0,0,0,0,0,0,0,0,0
34,0,34,0,0,0,0,0,0,0,837.118,403.676,153.000,0,0,0,0,0,0,0,0,0,0,0,0
56,0,56,0,0,0,0,0,0,0,406.768,492.500,152.661,0,0,0,0,0,0,0,0,0,0,0,0
23653,0,23653,0,0,0,0,0,0,0,616.492,712.107,153.055,0,0,0,0,0,0,0,0,0,0,0,0
222,0,222,0,0,0,0,0,0,0,1109.473,822.689,155.599,0,0,0,0,0,0,0,0,0,0,0,0
62,0,62,0,0,0,0,0,0,0,1047.952,969.629,152.952,0,0,0,0,0,0,0,0,0,0,0,0
177,0,177,0,0,0,0,0,0,0,1095.090,981.604,155.492,0,0,0,0,0,0,0,0,0,0,0,0
42,0,42,0,0,0,0,0,0,0,753.452,455.738,153.286,0,0,0,0,0,0,0,0,0,0,0,0
103,0,103,0,0,0,0,0,0,0,460.825,485.563,154.990,0,0,0,0,0,0,0,0,0,0,0,0
10,0,10,0,0,0,0,0,0,0,889.200,551.100,152.800,0,0,0,0,0,0,0,0,0,0,0,0
19,0,19,0,0,0,0,0,0,0,778.000,611.263,153.368,0,0,0,0,0,0,0,0,0,0,0,0
165,0,165,0,0,0,0,0,0,0,1003.170,867.388,160.073,0,0,0,0,0,0,0,0,0,0,0,0
84,0,84,0,0,0,0,0,0,0,933.500,898.369,154.762,0,0,0,0,0,0,0,0,0,0,0,0
149,0,149,0,0,0,0,0,0,0,921.195,921.248,155.087,0,0,0,0,0,0,0,0,0,0,0,0
574,0,574,0,0,0,0,0,0,0,650.875,1140.174,159.261,0,0,0,0,0,0,0,0,0,0,0,0
17,0,17,0,0,0,0,0,0,0,701.706,1190.059,153.353,0,0,0,0,0,0,0,0,0,0,0,0
154,0,154,0,0,0,0,0,0,0,1060.169,505.779,156.630,0,0,0,0,0,0,0,0,0,0,0,0
60,0,60,0,0,0,0,0,0,0,809.467,518.000,155.217,0,0,0,0,0,0,0,0,0,0,0,0
14,0,14,0,0,0,0,0,0,0,880.143,547.643,153.214,0,0,0,0,0,0,0,0,0,0,0,0
112,0,112,0,0,0,0,0,0,0,304.875,769.446,156.018,0,0,0,0,0,0,0,0,0,0,0,0
10,0,10,0,0,0,0,0,0,0,763.100,990.000,153.400,0,0,0,0,0,0,0,0,0,0,0,0
147,0,147,0,0,0,0,0,0,0,525.755,1053.952,156.190,0,0,0,0,0,0,0,0,0,0,0,0
85,0,85,0,0,0,0,0,0,0,797.318,1081.247,155.659,0,0,0,0,0,0,0,0,0,0,0,0
18,0,18,0,0,0,0,0,0,0,1183.611,794.889,155.278,0,0,0,0,0,0,0,0,0,0,0,0
106,0,106,0,0,0,0,0,0,0,424.292,805.302,156.113,0,0,0,0,0,0,0,0,0,0,0,0
66,0,66,0,0,0,0,0,0,0,845.742,1070.470,156.167,0,0,0,0,0,0,0,0,0,0,0,0
761,0,761,0,0,0,0,0,0,0,800.824,656.116,161.661,0,0,0,0,0,0,0,0,0,0,0,0
121,0,121,0,0,0,0,0,0,0,861.132,837.785,157.289,0,0,0,0,0,0,0,0,0,0,0,0
148,0,148,0,0,0,0,0,0,0,1023.270,877.601,159.014,0,0,0,0,0,0,0,0,0,0,0,0
21,0,21,0,0,0,0,0,0,0,954.857,895.619,156.667,0,0,0,0,0,0,0,0,0,0,0,0
69,0,69,0,0,0,0,0,0,0,581.478,1145.870,157.391,0,0,0,0,0,0,0,0,0,0,0,0
49,0,49,0,0,0,0,0,0,0,810.429,1163.898,157.061,0,0,0,0,0,0,0,0,0,0,0,0
75,0,75,0,0,0,0,0,0,0,805.720,598.160,158.240,0,0,0,0,0,0,0,0,0,0,0,0
550,0,550,0,0,0,0,0,0,0,382.487,768.491,161.616,0,0,0,0,0,0,0,0,0,0,0,0
303,0,303,0,0,0,0,0,0,0,726.360,792.733,159.683,0,0,0,0,0,0,0,0,0,0,0,0
100,0,100,0,0,0,0,0,0,0,835.710,840.590,159.990,0,0,0,0,0,0,0,0,0,0,0,0
359,0,359,0,0,0,0,0,0,0,305.153,849.955,161.816,0,0,0,0,0,0,0,0,0,0,0,0
80,0,80,0,0,0,0,0,0,0,856.388,1046.525,157.950,0,0,0,0,0,0,0,0,0,0,0,0
515,0,515,0,0,0,0,0,0,0,982.889,469.004,162.447,0,0,0,0,0,0,0,0,0,0,0,0
161,0,161,0,0,0,0,0,0,0,539.466,473.975,160.398,0,0,0,0,0,0,0,0,0,0,0,0
73,0,73,0,0,0,0,0,0,0,1100.753,537.219,158.877,0,0,0,0,0,0,0,0,0,0,0,0
83,0,83,0,0,0,0,0,0,0,589.675,546.253,158.566,0,0,0,0,0,0,0,0,0,0,0,0
26,0,26,0,0,0,0,0,0,0,602.462,601.000,157.923,0,0,0,0,0,0,0,0,0,0,0,0
15,0,15,0,0,0,0,0,0,0,464.333,734.000,158.400,0,0,0,0,0,0,0,0,0,0,0,0
128,0,128,0,0,0,0,0,0,0,752.680,736.523,159.352,0,0,0,0,0,0,0,0,0,0,0,0
11,0,11,0,0,0,0,0,0,0,973.636,850.091,158.000,0,0,0,0,0,0,0,0,0,0,0,0
13,0,13,0,0,0,0,0,0,0,932.846,851.231,157.462,0,0,0,0,0,0,0,0,0,0,0,0
104,0,104,0,0,0,0,0,0,0,370.971,899.558,159.683,0,0,0,0,0,0,0,0,0,0,0,0
208,0,208,0,0,0,0,0,0,0,1053.534,986.519,161.788,0,0,0,0,0,0,0,0,0,0,0,0
63,0,63,0,0,0,0,0,0,0,822.143,995.714,159.937,0,0,0,0,0,0,0,0,0,0,0,0
10,0,10,0,0,0,0,0,0,0,419.200,834.000,159.000,0,0,0,0,0,0,0,0,0,0,0,0
20,0,20,0,0,0,0,0,0,0,1008.250,896.600,160.900,0,0,0,0,0,0,0,0,0,0,0,0
89,0,89,0,0,0,0,0,0,0,886.843,907.393,160.045,0,0,0,0,0,0,0,0,0,0,0,0
354,0,354,0,0,0,0,0,0,0,460.150,718.893,163.237,0,0,0,0,0,0,0,0,0,0,0,0
366,0,366,0,0,0,0,0,0,0,737.803,719.467,163.432,0,0,0,0,0,0,0,0,0,0,0,0
85,0,85,0,0,0,0,0,0,0,452.294,823.918,161.906,0,0,0,0,0,0,0,0,0,0,0,0
86,0,86,0,0,0,0,0,0,0,574.151,847.140,161.395,0,0,0,0,0,0,0,0,0,0,0,0
133,0,133,0,0,0,0,0,0,0,628.624,1009.068,162.188,0,0,0,0,0,0,0,0,0,0,0,0
41,0,41,0,0,0,0,0,0,0,672.927,1033.829,160.390,0,0,0,0,0,0,0,0,0,0,0,0
25,0,25,0,0,0,0,0,0,0,925.080,1058.920,160.520,0,0,0,0,0,0,0,0,0,0,0,0
171,0,171,0,0,0,0,0,0,0,917.690,1068.246,162.813,0,0,0,0,0,0,0,0,0,0,0,0
84,0,84,0,0,0,0,0,0,0,1044.940,1089.286,161.536,0,0,0,0,0,0,0,0,0,0,0,0
33,0,33,0,0,0,0,0,0,0,836.970,516.242,161.394,0,0,0,0,0,0,0,0,0,0,0,0
354,0,354,0,0,0,0,0,0,0,994.613,531.799,164.025,0,0,0,0,0,0,0,0,0,0,0,0
318,0,318,0,0,0,0,0,0,0,838.223,634.390,163.377,0,0,0,0,0,0,0,0,0,0,0,0
116,0,116,0,0,0,0,0,0,0,673.802,770.966,163.224,0,0,0,0,0,0,0,0,0,0,0,0
34,0,34,0,0,0,0,0,0,0,486.324,773.382,161.588,0,0,0,0,0,0,0,0,0,0,0,0
83,0,83,0,0,0,0,0,0,0,958.000,775.000,162.759,0,0,0,0,0,0,0,0,0,0,0,0
212,0,212,0,0,0,0,0,0,0,1064.292,801.807,163.726,0,0,0,0,0,0,0,0,0,0,0,0
185,0,185,0,0,0,0,0,0,0,499.438,855.184,163.384,0,0,0,0,0,0,0,0,0,0,0,0
140,0,140,0,0,0,0,0,0,0,1029.121,887.864,163.721,0,0,0,0,0,0,0,0,0,0,0,0
99,0,99,0,0,0,0,0,0,0,866.131,650.535,163.111,0,0,0,0,0,0,0,0,0,0,0,0
50,0,50,0,0,0,0,0,0,0,532.300,726.700,162.800,0,0,0,0,0,0,0,0,0,0,0,0
33,0,33,0,0,0,0,0,0,0,994.515,764.364,162.333,0,0,0,0,0,0,0,0,0,0,0,0
24,0,24,0,0,0,0,0,0,0,868.042,838.958,163.000,0,0,0,0,0,0,0,0,0,0,0,0
96,0,96,0,0,0,0,0,0,0,898.260,967.500,164.062,0,0,0,0,0,0,0,0,0,0,0,0
70,0,70,0,0,0,0,0,0,0,631.571,609.543,164.429,0,0,0,0,0,0,0,0,0,0,0,0
109,0,109,0,0,0,0,0,0,0,1059.541,680.495,164.560,0,0,0,0,0,0,0,0,0,0,0,0
171,0,171,0,0,0,0,0,0,0,534.725,744.854,164.713,0,0,0,0,0,0,0,0,0,0,0,0
120,0,120,0,0,0,0,0,0,0,318.875,777.225,164.575,0,0,0,0,0,0,0,0,0,0,0,0
108,0,108,0,0,0,0,0,0,0,1141.639,823.843,164.102,0,0,0,0,0,0,0,0,0,0,0,0
101,0,101,0,0,0,0,0,0,0,595.307,990.218,164.366,0,0,0,0,0,0,0,0,0,0,0,0
26,0,26,0,0,0,0,0,0,0,1020.692,896.692,164.846,0,0,0,0,0,0,0,0,0,0,0,0
94,0,94,0,0,0,0,0,0,0,1049.692,898.830,164.904,0,0,0,0,0,0,0,0,0,0,0,0
39,0,39,0,0,0,0,0,0,0,718.436,1052.154,164.051,0,0,0,0,0,0,0,0,0,0,0,0
87,0,87,0,0,0,0,0,0,0,619.483,556.908,165.138,0,0,0,0,0,0,0,0,0,0,0,0
33,0,33,0,0,0,0,0,0,0,481.758,603.424,165.333,0,0,0,0,0,0,0,0,0,0,0,0
30,0,30,0,0,0,0,0,0,0,751.867,735.667,165.467,0,0,0,0,0,0,0,0,0,0,0,0
72,0,72,0,0,0,0,0,0,0,808.625,964.083,165.292,0,0,0,0,0,0,0,0,0,0,0,0
70,0,70,0,0,0,0,0,0,0,558.629,967.657,165.271,0,0,0,0,0,0,0,0,0,0,0,0
24,0,24,0,0,0,0,0,0,0,845.917,1020.500,165.208,0,0,0,0,0,0,0,0,0,0,0,0
26,0,26,0,0,0,0,0,0,0,750.038,378.115,165.654,0,0,0,0,0,0,0,0,0,0,0,0
32,0,32,0,0,0,0,0,0,0,551.281,518.500,165.844,0,0,0,0,0,0,0,0,0,0,0,0
32,0,32,0,0,0,0,0,0,0,828.719,558.406,165.625,0,0,0,0,0,0,0,0,0,0,0,0
52,0,52,0,0,0,0,0,0,0,775.000,727.615,165.635,0,0,0,0,0,0,0,0,0,0,0,0
51,0,51,0,0,0,0,0,0,0,1038.490,734.373,165.627,0,0,0,0,0,0,0,0,0,0,0,0
36,0,36,0,0,0,0,0,0,0,660.389,815.083,165.667,0,0,0,0,0,0,0,0,0,0,0,0
21,0,21,0,0,0,0,0,0,0,436.381,841.333,165.524,0,0,0,0,0,0,0,0,0,0,0,0
34,0,34,0,0,0,0,0,0,0,809.794,928.824,165.735,0,0,0,0,0,0,0,0,0,0,0,0
10,0,10,0,0,0,0,0,0,0,698.000,642.200,166.000,0,0,0,0,0,0,0,0,0,0,0,0
